code,element_type,first_name,id,now_cost,second_name,team,team_code,web_name,known_name,minutes,goals_scored,assists,clean_sheets,goals_conceded,own_goals,yellow_cards,red_cards,defensive_contribution,starts,expected_goals,expected_assists,expected_goals_conceded
141746,3,Bruno,449,102,Borges Fernandes,14,1,B.Fernandes,Bruno Fernandes,2435,8,17,4,39,0,3,0,242,28,10.32,8.94,34.01
226597,2,Gabriel,5,72,dos Santos Magalhães,1,3,Gabriel,Gabriel Magalhães,2165,3,4,14,15,0,3,0,224,24,1.90,1.65,15.82
445122,2,Jurriën,8,63,Timber,1,3,J.Timber,,2452,3,6,13,20,0,5,0,148,28,4.71,1.53,17.45
243016,3,Alexis,386,63,Mac Allister,12,14,Mac Allister,,2086,2,3,7,29,0,4,0,185,25,3.14,1.31,25.84
462424,2,William,6,61,Saliba,1,3,Saliba,,2074,1,0,11,16,0,1,0,150,24,0.88,0.70,15.15
224117,4,Viktor,666,88,Gyökeres,1,3,Gyökeres,,1888,11,0,10,11,0,4,0,73,23,9.23,1.76,13.85
232413,3,Eberechi,266,72,Eze,1,3,Eze,,1494,6,3,8,10,0,1,0,96,17,3.88,2.23,10.30
472769,2,Nico,411,50,O'Reilly,13,43,O'Reilly,,2130,4,3,11,20,0,4,0,141,23,3.98,1.72,27.49
154561,1,David,1,60,Raya Martín,1,3,Raya,,2790,0,0,15,22,0,1,0,0,31,0.00,0.06,22.30
475168,4,João Pedro,249,78,Junqueira de Jesus,7,8,João Pedro,João Pedro,2230,14,9,10,24,0,4,0,125,26,13.41,1.74,29.87
223340,3,Bukayo,16,98,Saka,1,3,Saka,,1995,6,8,10,16,0,1,0,163,22,6.99,5.75,14.36
448089,3,João Victor,646,53,Gomes da Silva,20,39,J.Gomes,João Gomes,2297,1,2,4,43,0,9,0,321,26,1.15,1.85,38.64
494521,2,Adrien,74,46,Truffert,4,91,Truffert,,2748,0,3,9,45,0,3,0,253,31,0.42,2.43,44.06
172649,1,Dean,253,50,Henderson,8,31,Henderson,,2610,0,0,10,35,0,3,0,0,29,0.00,0.10,39.04
232185,3,Ismaïla,267,63,Sarr,8,31,Sarr,Ismaïla Sarr,1726,7,1,9,19,0,2,0,114,20,7.98,0.70,24.77
220566,3,Rodrigo 'Rodri',421,63,Hernandez Cascante,13,43,Rodrigo,Rodri,1243,1,0,4,13,0,2,0,175,14,0.75,2.14,16.11
469142,2,Jan Paul,151,45,van Hecke,6,36,Van Hecke,,2490,3,2,7,34,1,7,0,244,28,2.13,1.14,37.20
514254,3,Diego,169,49,Gómez Amarilla,6,36,Gomez,,1838,5,0,7,24,0,8,0,199,22,4.92,1.33,25.76
430871,3,Matheus,450,80,Santos Carneiro da Cunha,14,1,Cunha,Matheus Cunha,2068,7,4,6,29,0,1,0,174,24,5.80,2.65,27.91
61256,3,Carlos Henrique,457,57,Casimiro,14,1,Casemiro,Casemiro,2135,7,4,8,25,0,8,1,274,28,4.66,2.92,23.67
448104,2,Piero,725,51,Hincapié,1,3,Hincapie,,1499,1,2,4,16,1,2,0,141,17,0.33,1.39,14.19
221466,2,Marcos,72,51,Senesi Barón,4,91,Senesi,,2658,0,4,9,47,0,8,0,354,30,1.40,4.09,44.41
427623,2,Chris,261,44,Richards,8,31,Richards,,2332,1,0,10,31,0,3,0,265,26,1.14,1.43,33.59
651426,2,Jaydee,723,45,Canvot,8,31,Canvot,,701,0,0,4,9,0,2,0,96,7,0.79,0.23,14.01
437730,3,Antoine,82,82,Semenyo,13,43,Semenyo,,2590,15,6,8,47,0,6,0,208,29,9.93,2.33,40.65
153133,3,Alex,324,64,Iwobi,10,54,Iwobi,,2042,4,3,4,36,0,2,0,150,24,1.26,3.77,31.55
424876,3,Dominik,387,70,Szoboszlai,12,14,Szoboszlai,,2512,5,3,8,39,0,6,1,267,28,3.72,5.00,33.12
485711,4,Benjamin,681,74,Sesko,14,1,Šeško,,1329,9,2,1,27,0,2,0,54,13,7.19,0.22,21.64
244723,2,Tyrick,258,50,Mitchell,8,31,Mitchell,,2668,1,1,11,35,0,5,0,196,30,1.06,1.63,40.16
509291,3,André,643,52,Trindade da Costa Neto,20,39,André,André,2130,1,0,2,39,0,9,0,299,23,0.43,0.76,36.35
467189,1,Mads,679,42,Hermansen,19,21,Hermansen,,900,0,0,4,18,0,0,0,0,10,0.00,0.01,12.76
204480,3,Declan,21,73,Rice,1,3,Rice,,2580,4,9,14,21,0,2,0,316,29,3.05,6.43,18.78
50175,4,Danny,178,61,Welbeck,6,36,Welbeck,,1735,10,0,7,21,0,4,0,84,19,9.21,1.15,24.64
97032,2,Virgil,373,63,van Dijk,12,14,Virgil,,2700,3,1,9,40,0,4,0,279,30,2.65,1.18,35.12
233963,2,Konstantinos,606,44,Mavropanos,19,21,Mavropanos,,1812,1,0,3,34,1,2,0,224,19,1.91,0.38,29.81
178186,4,Jarrod,624,75,Bowen,19,21,Bowen,,2689,8,7,5,53,0,4,0,224,30,6.04,3.86,47.09
510663,4,Hugo,661,93,Ekitiké,12,14,Ekitiké,,1790,11,4,7,25,0,0,0,85,20,10.10,2.45,26.11
448514,2,Rayan,402,57,Aït-Nouri,13,43,Aït-Nouri,,778,0,2,3,8,0,2,0,59,10,0.41,1.60,9.80
613804,2,El Hadji Malick,603,40,Diouf,19,21,Diouf,El Hadji Malick Diouf,2003,0,6,6,38,0,4,0,162,22,0.46,1.70,32.57
232928,3,James,303,52,Garner,9,11,Garner,,2693,2,5,10,35,0,7,0,368,30,1.81,4.74,43.87
232826,3,Anthony,485,74,Gordon,15,4,Gordon,,1640,5,4,7,29,0,3,1,83,22,8.27,3.33,21.84
222531,3,Morgan,515,74,Gibbs-White,16,17,Gibbs-White,,2550,8,2,8,39,0,1,0,145,29,7.69,2.12,41.23
489639,1,Bart,139,45,Verbruggen,6,36,Verbruggen,,2700,0,0,7,36,1,3,0,0,30,0.00,0.05,39.99
231416,2,Ferdi,148,44,Kadıoğlu,6,36,F.Kadıoğlu,,2410,0,2,7,31,0,6,0,135,26,1.56,2.36,35.54
457569,1,Đorđe,67,45,Petrović,4,91,Petrović,,2790,0,0,9,48,1,2,0,0,31,0.00,0.00,46.36
215413,3,Kiernan,242,51,Dewsbury-Hall,9,11,Dewsbury-Hall,,1918,6,5,7,25,0,6,0,162,22,3.11,4.00,28.20
83299,2,Lewis,146,45,Dunk,6,36,Dunk,,2475,0,1,6,34,0,9,0,214,27,1.30,0.50,37.28
60307,3,Pascal,783,55,Groß,6,36,Groß,,916,1,2,3,7,0,2,0,91,10,0.78,2.13,11.29
153682,3,Harry,329,61,Wilson,10,54,Wilson,,2176,9,8,7,31,0,6,0,145,26,4.84,4.12,31.40
215379,3,Elliot,517,55,Anderson,16,17,Anderson,,2683,2,3,8,42,0,6,0,414,30,2.52,3.40,42.54
466525,3,Anton,660,47,Stach,11,2,Stach,,2045,4,6,5,34,0,3,0,236,24,2.40,4.18,29.77
216094,2,Jeremie,370,57,Frimpong,12,14,Frimpong,,685,0,5,4,7,0,0,0,22,8,0.43,1.20,6.72
465247,1,Senne,733,50,Lammens,14,1,Lammens,,2250,0,0,5,32,0,0,0,0,25,0.00,0.00,28.84
496221,3,Adam,273,50,Wharton,8,31,Wharton,,2165,0,6,8,33,0,4,1,251,26,1.33,6.02,33.38
165809,3,Bernardo,416,62,Mota Veiga de Carvalho e Silva,13,43,Bernardo,Bernardo Silva,2242,2,4,9,24,0,9,0,192,26,1.63,3.37,28.10
532529,3,Jack,163,51,Hinshelwood,6,36,Hinshelwood,,1088,1,4,3,16,1,0,0,87,12,2.18,0.78,20.24
215439,3,Tomáš,613,57,Souček,19,21,Souček,,1506,4,2,4,34,0,2,1,165,16,4.42,0.39,27.99
463981,2,James,77,42,Hill,4,91,Hill,,1472,0,3,6,18,1,2,0,185,15,0.67,1.05,23.06
533463,3,Dango,83,60,Ouattara,5,94,O.Dango,,1697,5,7,4,26,0,4,0,148,19,5.39,3.28,24.14
440089,3,Mikkel,121,56,Damsgaard,5,94,Damsgaard,,1566,3,4,3,26,0,0,0,179,18,1.85,4.13,23.29
481655,3,Martín,26,51,Zubimendi Ibáñez,1,3,Zubimendi,,2597,5,1,15,20,0,4,0,257,30,2.77,2.19,21.07
243298,3,Cody,384,73,Gakpo,12,14,Gakpo,,2054,6,3,9,27,0,2,0,124,24,6.49,4.24,22.53
214590,2,Aaron,610,41,Wan-Bissaka,19,21,Wan-Bissaka,,1821,0,3,3,37,0,3,0,160,20,0.00,0.93,31.45
465642,2,Malick,684,51,Thiaw,15,4,Thiaw,,2297,4,0,5,40,0,3,0,236,26,3.74,0.88,35.52
444180,3,Jaidon,200,50,Anthony,3,90,Anthony,,2018,7,3,4,43,0,4,0,189,24,3.87,2.08,44.41
199598,3,Ethan,354,49,Ampadu,11,2,Ampadu,,2399,1,2,5,41,0,7,0,325,27,1.77,1.68,37.36
501837,2,Yerson,634,43,Mosquera Valdelamar,20,39,Mosquera,,1707,0,0,4,31,2,10,0,170,19,1.57,0.47,29.91
483081,2,Rodrigo,635,44,Martins Gomes,20,39,R.Gomes,Rodrigo Gomes,599,3,0,0,11,0,0,0,35,6,1.69,0.31,8.49
444765,2,Sepp,113,46,van den Berg,5,94,Van den Berg,,2213,0,2,5,36,0,1,0,219,24,2.87,0.80,33.51
502500,4,Igor Thiago,136,73,Nascimento Rodrigues,5,94,Thiago,Igor Thiago,2562,19,1,7,40,0,6,0,158,29,17.49,1.63,40.42
465351,2,Matheus,407,53,Nunes,13,43,Matheus N.,Matheus Nunes,2264,1,7,9,23,0,4,0,160,25,0.34,1.83,26.11
204936,1,Gianluigi,736,56,Donnarumma,13,43,Donnarumma,,2430,0,0,11,24,0,6,0,0,27,0.00,0.00,29.45
223827,2,Daniel,531,47,Ballard,17,56,Ballard,,2004,2,2,6,28,0,3,0,254,22,2.42,0.58,31.12
547027,3,Habib,544,53,Diarra,17,56,Diarra,,1015,2,3,4,10,0,4,0,56,11,2.05,0.50,14.64
212319,4,Richarlison,597,63,de Andrade,18,6,Richarlison,Richarlison,1436,9,3,5,21,0,5,0,112,14,6.25,1.24,20.61
232892,2,Calvin,318,44,Bassey,10,54,Bassey,,1812,1,1,4,32,0,5,0,157,20,1.64,0.25,27.06
544877,2,Milos,371,56,Kerkez,12,14,Kerkez,,1951,1,1,6,29,0,4,0,121,24,0.95,0.64,25.01
446008,3,Bryan,119,86,Mbeumo,14,1,Mbeumo,,2191,9,3,5,33,0,4,0,118,26,7.97,4.28,29.45
106760,2,Luke,443,45,Shaw,14,1,Shaw,,2617,0,1,6,39,0,5,0,169,31,0.51,1.51,34.81
550864,2,Leny,444,41,Yoro,14,1,Yoro,,1606,0,1,2,30,0,1,0,136,17,1.14,0.40,23.83
516895,3,Kobbie,458,46,Mainoo,14,1,Mainoo,,1113,0,2,3,17,0,0,0,120,10,0.24,0.83,14.84
462116,2,Jean-Clair,609,43,Todibo,19,21,Todibo,,1701,0,1,1,34,0,4,1,158,20,0.25,0.31,31.66
247670,4,Valentín,791,55,Castellanos,19,21,Taty,,816,2,1,4,12,0,2,0,37,10,2.49,0.53,11.00
88894,3,Ross,55,48,Barkley,2,7,Barkley,,324,2,1,0,6,0,0,0,40,1,0.69,0.74,5.90
244851,3,Cole,235,106,Palmer,7,8,Palmer,,1326,9,2,3,19,0,4,0,100,17,8.55,1.80,21.25
437499,2,Maxence,257,51,Lacroix,8,31,Lacroix,,2485,1,2,10,34,0,3,1,296,28,2.14,0.74,35.34
485337,3,Evann,677,62,Guessand,8,31,Guessand,,880,1,3,2,15,0,0,0,81,9,1.56,0.75,12.74
487838,2,Lewis,473,54,Hall,15,4,Hall,,1659,1,2,4,30,0,3,0,143,18,0.73,2.02,26.16
523705,2,Jackson,695,44,Tchatchoua,20,39,Tchatchoua,,1695,0,1,3,31,0,3,0,102,17,0.33,1.49,26.55
431639,4,Zian,215,53,Flemming,3,90,Flemming,,1092,7,0,3,19,0,3,0,61,13,5.25,0.28,22.71
467779,3,Mats,173,49,Wieffer,6,36,Wieffer,,1479,0,4,5,19,0,6,0,232,17,1.50,1.78,18.84
204716,2,Ibrahima,374,55,Konaté,12,14,Konaté,,2404,1,0,9,32,0,5,0,242,28,1.05,0.90,28.89
216051,2,Diogo,440,46,Dalot Teixeira,14,1,Dalot,Diogo Dalot,2229,1,6,6,35,0,5,0,147,25,1.55,2.38,30.22
220362,2,Axel,815,45,Disasi,19,21,Disasi,,540,0,0,3,7,1,0,0,33,6,0.69,0.01,7.32
466075,2,Riccardo,7,56,Calafiori,1,3,Calafiori,,1446,1,2,11,8,0,5,0,95,18,2.92,0.49,8.96
444145,3,Gabriel,19,68,Martinelli Silva,1,3,Martinelli,Gabriel Martinelli,839,1,4,2,5,0,2,0,64,9,3.53,1.00,7.50
500040,2,Cristhian,662,53,Mosquera,1,3,Mosquera,,667,0,0,2,5,0,2,0,69,6,0.00,0.49,5.49
247348,2,Daniel,256,58,Muñoz Mejía,8,31,Muñoz,,1779,3,3,9,20,0,5,0,142,21,1.99,3.33,24.47
17761,2,James,291,57,Tarkowski,9,11,Tarkowski,,2610,1,1,10,33,0,5,0,304,29,2.04,1.32,41.23
440993,3,Iliman,299,62,Ndiaye,9,11,Ndiaye,Iliman Ndiaye,2063,5,3,7,29,0,2,0,224,24,4.89,4.15,30.37
433154,3,Dwight,300,55,McNeil,9,11,McNeil,,866,0,3,5,5,0,1,0,84,10,1.07,0.77,13.95
486385,4,Norberto Bercique,311,50,Gomes Betuncal,9,11,Beto,Beto,1115,4,0,4,14,0,2,0,71,11,6.56,0.16,17.43
209036,2,Marc,260,51,Guéhi,13,43,Guéhi,,2520,2,4,10,30,0,5,0,226,28,3.48,2.10,35.53
482973,4,Igor Jesus,526,58,Maciel da Cruz,16,17,Igor Jesus,Igor Jesus,1724,2,4,7,31,0,0,0,84,21,4.33,1.06,29.31
201895,2,Omar,683,41,Alderete,17,56,Alderete,,2263,1,1,8,30,0,5,0,259,25,1.37,0.85,37.08
102057,4,Raúl,337,62,Jiménez Rodríguez,10,54,Raúl,,1964,8,5,8,25,0,5,0,117,25,10.18,0.87,29.65
214225,2,Joe,348,39,Rodon,11,2,Rodon,,2456,2,0,4,46,0,1,0,235,28,1.20,0.31,39.47
149065,1,José,628,42,Malheiro de Sá,20,39,José Sá,José Sá,1710,0,0,4,30,0,2,0,0,19,0.00,0.03,29.40
158499,3,Ryan,87,49,Christie,4,91,Christie,,711,2,1,2,12,0,2,0,90,5,1.61,0.56,15.10
503139,3,Alex,90,51,Scott,4,91,Scott,,2308,2,2,9,36,0,3,0,308,28,3.33,1.73,38.73
607464,2,Michael,110,45,Kayode,5,94,Kayode,,2538,1,1,7,39,1,6,0,184,29,0.63,2.60,39.90
513418,3,Kevin,120,69,Schade,5,94,Schade,,2130,7,4,8,26,0,6,1,159,25,9.69,1.86,29.07
232653,3,Jacob,52,53,Ramsey,15,4,J.Ramsey,,984,2,1,1,22,0,3,1,96,10,1.02,0.88,17.90
159506,2,Ola,507,47,Aina,16,17,Aina,,1229,0,1,4,17,0,3,0,102,14,0.36,0.68,22.09
487676,2,Trai,532,45,Hume,17,56,Hume,,2489,0,1,8,32,0,7,0,171,28,1.64,1.02,40.53
515046,1,Melker,812,40,Ellborg,17,56,Ellborg,,180,0,0,1,1,0,0,0,0,2,0.00,0.02,2.83
547701,3,Archie,591,48,Gray,18,6,Gray,,1287,2,2,5,24,0,5,0,116,16,1.30,1.26,22.12
247693,4,Randal,726,69,Kolo Muani,18,6,Kolo Muani,,1200,1,1,3,25,0,2,0,89,15,1.62,1.31,20.75
616077,3,Max,700,42,Dowman,1,3,Dowman,,43,1,1,0,0,0,0,0,7,0,1.11,0.04,0.18
465527,3,Hannibal,207,47,Mejbri,3,90,Hannibal,,964,1,4,2,22,0,7,0,94,11,0.56,1.33,23.47
592031,3,Yankuba,160,55,Minteh,6,36,Minteh,,1754,2,8,7,26,0,1,0,139,19,2.93,3.51,26.54
480455,2,Jarrad,290,53,Branthwaite,9,11,Branthwaite,,490,1,1,1,6,0,1,0,42,5,0.28,0.09,5.41
441266,3,Ryan,390,55,Gravenberch,12,14,Gravenberch,,2428,4,5,9,32,0,5,0,254,28,1.63,2.00,29.49
171314,2,Rúben,408,55,dos Santos Gato Alves Dias,13,43,Rúben,Rúben Dias,2049,2,0,12,20,0,3,0,164,23,0.57,0.63,24.30
438234,3,Omar,413,83,Marmoush,13,43,Marmoush,Omar Marmoush,566,1,3,3,5,0,2,0,32,7,2.22,0.68,6.58
466052,3,Rayan,417,63,Cherki,13,43,Cherki,,1297,3,9,6,13,0,1,0,117,14,2.55,6.88,16.99
223094,4,Erling,430,145,Haaland,13,43,Haaland,,2413,22,7,10,27,0,1,0,85,28,21.06,1.94,30.23
484420,3,Enzo,547,50,Le Fée,17,56,E.Le Fée,,2295,4,4,8,31,0,5,0,246,26,4.58,2.93,37.38
551226,3,Mateus Gonçalo,708,55,Espanha Fernandes,19,21,M.Fernandes,Mateus Fernandes,2303,3,3,5,40,0,6,0,290,27,1.23,2.00,37.21
490721,2,Hugo,633,43,Bueno López,20,39,H.Bueno,Hugo Bueno,1946,1,2,4,33,0,1,0,142,21,0.50,2.87,32.20
155511,4,Adam,817,52,Armstrong,20,39,Armstrong,,567,1,2,3,7,0,3,0,24,7,0.65,0.62,13.22
444102,4,Francisco Evanilson,97,68,de Lima Barbosa,4,91,Evanilson,Evanilson,2193,6,4,9,35,0,1,0,99,25,8.30,1.14,31.79
551483,2,Álex,713,45,Jiménez Sánchez,4,91,A.Jimenez,,1956,1,2,5,35,0,9,0,125,22,1.06,1.54,35.61
564406,4,Eliezer,561,52,Mayenda Dossou,17,56,Mayenda,,749,2,0,3,9,0,0,0,26,8,2.13,0.22,12.63
80201,1,Bernd,314,49,Leno,10,54,Leno,,2700,0,0,6,43,1,3,0,0,30,0.00,0.00,41.78
222694,2,Pascal,343,43,Struijk,11,2,Struijk,,2348,0,1,5,40,0,3,0,241,26,2.52,0.54,35.18
231057,3,Jean-Ricner,644,51,Bellegarde,20,39,Bellegarde,,1079,1,1,3,26,0,4,0,92,13,1.03,0.95,20.01
230046,3,Douglas Luiz,699,49,Soares de Paulo,2,7,Douglas Luiz,Douglas Luiz,778,1,1,1,13,0,2,0,89,11,0.50,1.37,11.06
247412,4,Jørgen,654,61,Strand Larsen,8,31,Strand Larsen,,1865,4,1,5,31,0,4,0,78,20,4.16,0.69,28.72
111234,1,Jordan,287,56,Pickford,9,11,Pickford,,2700,0,0,10,35,0,2,0,0,30,0.00,0.15,43.93
80801,3,Idrissa Gana,302,54,Gueye,9,11,Gana,Idrissa Gueye,1756,2,1,4,22,0,1,1,184,21,1.49,1.00,26.22
220237,2,Sven,475,49,Botman,15,4,Botman,,1151,1,1,5,17,1,1,0,115,13,1.28,0.28,15.96
114243,3,Jacob,489,59,Murphy,15,4,J.Murphy,Jacob Murphy,1211,3,1,7,13,0,1,0,65,14,2.89,2.39,16.50
227444,2,Nikola,505,51,Milenković,16,17,Milenković,,2700,0,0,7,43,1,6,0,238,30,0.81,0.44,43.74
575476,2,Murillo,506,52,Costa dos Santos,16,17,Murillo,Murillo,1909,1,0,5,28,1,4,0,198,22,0.60,0.46,30.79
15157,3,James,170,49,Milner,6,36,Milner,,639,1,1,2,13,0,2,0,66,5,0.96,0.64,10.40
59735,1,Karl,341,39,Darlow,11,2,Darlow,,1260,0,0,2,19,0,1,0,0,14,0.00,0.03,17.06
248857,3,Noni,18,68,Madueke,1,3,Madueke,,889,2,1,6,7,0,0,0,49,12,1.03,2.06,9.66
116216,3,Leandro,20,66,Trossard,1,3,Trossard,,1675,5,5,8,14,0,1,0,115,18,4.96,2.70,11.74
219847,4,Kai,30,73,Havertz,1,3,Havertz,,261,0,1,3,0,0,0,0,14,3,0.31,0.09,2.41
173879,4,Tammy,808,60,Abraham,2,7,Abraham,,193,1,0,0,4,0,0,0,9,1,1.24,0.36,2.55
201658,3,Marcus,84,54,Tavernier,4,91,Tavernier,,2122,5,4,9,39,0,4,0,198,24,7.22,3.19,32.52
207283,3,Mathias,126,49,Jensen,5,94,Jensen,,1555,2,2,6,23,0,3,0,143,18,1.93,3.96,24.11
482609,2,Malo,228,49,Gusto,7,8,Gusto,,1689,2,3,7,22,0,2,1,94,19,1.46,1.87,27.51
515621,2,Chadi,262,40,Riad Dnanou,8,31,Chadi Riad,,312,0,1,1,3,0,2,0,18,3,0.11,0.05,4.33
242898,3,Brennan,580,65,Johnson,8,31,Johnson,,1224,2,1,5,13,0,5,0,82,13,1.84,0.91,19.96
224967,2,Vitalii,292,49,Mykolenko,9,11,Mykolenko,,2239,0,1,8,32,1,5,0,172,25,0.28,2.22,36.10
512462,2,Jake,293,49,O'Brien,9,11,O'Brien,,2456,0,2,9,33,0,2,1,191,27,0.83,0.83,41.75
586309,4,Thierno,310,57,Barry,9,11,Barry,,1620,6,0,7,24,0,3,0,57,19,6.13,0.37,27.91
225321,1,Aaron,674,48,Ramsdale,15,4,Ramsdale,,733,0,0,1,11,0,1,0,0,8,0.00,0.00,10.83
215136,2,Neco,508,47,Williams,16,17,N.Williams,,2528,1,1,7,40,0,5,1,193,29,1.60,2.93,39.33
209046,3,Callum,516,57,Hudson-Odoi,16,17,Hudson-Odoi,,1679,3,2,5,25,0,0,0,99,19,2.69,2.35,29.23
210462,3,Ibrahim,521,49,Sangaré,16,17,Sangaré,,1674,2,2,7,22,0,4,0,197,20,1.16,1.66,27.72
482442,3,Pape Matar,593,45,Sarr,18,6,P.M.Sarr,Pape Matar Sarr,1230,2,3,3,19,0,2,0,171,12,1.41,1.04,24.47
154296,3,João Maria,673,55,Lobo Alves Palhares Costa Palhinha Gonçalves,18,6,J.Palhinha,João Palhinha,1774,3,3,4,32,0,6,0,244,19,1.33,0.55,29.02
231480,2,Santiago,636,44,Ignacio Bueno,20,39,S.Bueno,Santiago Bueno,1922,2,2,4,33,0,4,0,160,21,1.67,1.04,32.78
488213,4,Tolu,720,53,Arokodare,20,39,Tolu,,1231,3,2,3,25,0,1,0,71,12,4.63,0.36,20.36
101178,3,James,614,56,Ward-Prowse,3,90,Ward-Prowse,,651,0,1,2,15,0,0,0,51,7,0.13,1.21,12.92
207189,3,Sander,330,49,Berge,10,54,Berge,,2499,0,2,6,41,1,5,0,243,29,1.29,1.12,38.68
220627,2,James,706,39,Justin,11,2,Justin,,1173,1,1,3,18,0,2,0,106,13,0.94,0.90,21.71
493250,3,Amad,452,62,Diallo,14,1,Amad,,1916,2,4,4,27,0,2,0,173,22,4.57,3.51,24.05
199798,2,Ezri,38,44,Konsa Ngoyo,2,7,Konsa,,2585,0,1,8,36,0,0,1,174,29,1.01,0.55,41.86
200720,1,Caoimhín,101,48,Kelleher,5,94,Kelleher,,2610,0,0,7,39,0,1,0,0,29,0.00,0.22,40.73
448047,3,Enzo,237,66,Fernández,7,8,Enzo,,2487,8,4,8,32,0,8,0,206,28,10.02,5.79,35.11
486672,3,Moisés,241,57,Caicedo Corozo,7,8,Caicedo,,2104,3,1,6,30,0,9,1,295,24,1.21,1.99,31.08
493105,3,Alejandro,453,64,Garnacho Ferreyra,7,8,Garnacho,,1073,1,4,4,14,0,1,0,58,14,3.10,3.54,18.35
121709,1,Walter,254,40,Benítez,8,31,Benitez,,90,0,0,1,0,0,0,0,0,1,0.00,0.00,1.12
538207,4,William,500,54,Osula,15,4,Osula,,267,2,1,1,6,0,0,0,13,1,0.69,0.04,4.77
85633,1,Matz,502,46,Sels,16,17,Sels,,1947,0,0,5,31,0,2,0,0,22,0.00,0.06,32.75
493125,2,Radu,572,45,Drăgușin,18,6,Dragusin,,513,0,0,0,13,0,0,0,70,5,0.31,0.01,11.94
154566,4,Dominic,596,72,Solanke-Mitchell,18,6,Solanke,,688,3,0,0,15,0,1,0,47,7,2.17,0.19,14.04
174874,2,Joachim,317,46,Andersen,10,54,Andersen,,2381,0,1,6,38,0,7,0,277,27,1.26,1.55,36.35
167074,2,Kenny,322,45,Tete,10,54,Tete,,1791,1,0,6,25,0,2,0,165,21,0.92,1.46,25.79
611922,3,Rio,686,43,Ngumoha,12,14,Ngumoha,,191,1,0,1,5,0,0,0,10,1,0.82,1.28,4.27
215711,3,Leon,49,55,Bailey,2,7,Bailey,,311,0,1,0,8,0,1,0,30,2,0.31,1.15,5.02
449871,3,Amadou,59,48,Onana,2,7,Onana,,1468,2,0,5,22,0,2,0,181,18,1.24,0.41,24.58
499604,3,Rayan Vitor,807,56,Simplício Rocha,4,91,Rayan,Rayan,623,2,1,3,5,0,1,0,39,7,1.06,1.25,12.19
191866,2,Kristoffer,108,44,Ajer,5,94,Ajer,,1624,0,2,5,27,0,3,0,168,18,0.69,0.72,26.82
56979,3,Jordan,124,50,Henderson,5,94,Henderson,,1724,1,3,5,26,0,4,0,163,20,0.33,2.25,25.43
116535,1,Alisson,366,54,Becker,12,14,A.Becker,Alisson Becker,2250,0,0,8,30,0,1,0,0,25,0.00,0.03,28.02
230001,2,Noussair,438,49,Mazraoui,14,1,Mazraoui,,610,0,0,2,7,0,3,0,58,7,0.17,0.28,6.96
577669,3,Noah,552,49,Sadiki,17,56,Sadiki,,2204,0,1,7,29,0,6,0,193,25,0.46,0.95,32.02
247955,2,Lutsharel,724,45,Geertruida,17,56,Geertruida,,1321,0,0,2,20,0,0,0,91,13,0.50,0.72,27.10
135720,2,Kevin,570,42,Danso,18,6,Danso,,839,0,0,2,16,0,4,0,117,10,0.19,0.19,14.19
184029,3,Martin,17,78,Ødegaard,1,3,Ødegaard,,1070,1,6,4,11,0,0,0,81,13,1.01,2.91,12.89
128295,3,Christian,24,51,Nørgaard,1,3,Nørgaard,,56,0,0,0,1,0,0,0,11,0,0.05,0.00,2.23
58621,2,Kyle,187,44,Walker,3,90,Walker,,2461,0,2,4,51,0,8,0,170,28,0.12,0.99,54.31
208912,2,Joe,199,38,Worrall,3,90,Worrall,,496,0,0,0,11,0,0,0,76,5,0.08,0.02,11.68
67089,1,Martin,470,40,Dúbravka,3,90,Dúbravka,,2700,0,0,4,58,0,1,0,0,30,0.00,0.04,59.81
451340,3,Mitoma,157,61,Kaoru,6,36,Mitoma,,1408,2,1,4,16,0,3,0,80,16,3.17,2.12,18.83
477555,3,Oscar,424,51,Bobb,10,54,Bobb,,698,0,2,3,9,0,1,0,50,7,0.50,1.50,8.03
206915,3,Curtis,388,54,Jones,12,14,C.Jones,,1260,0,2,3,24,0,1,0,137,11,1.42,2.30,19.77
432422,3,Sandro,491,53,Tonali,15,4,Tonali,,2037,0,2,7,31,0,3,0,211,25,1.56,2.35,27.26
564940,3,Soungoutou,718,50,Magassa,19,21,S.Magassa,,957,1,0,2,23,0,4,0,124,11,0.44,0.32,18.79
510362,2,Toti,637,42,Gomes,20,39,Toti,Toti Gomes,1039,0,0,1,25,0,1,1,96,13,0.22,0.21,18.99
98980,1,Emiliano,32,51,Martínez Romero,2,7,Martinez,,2295,0,0,6,29,0,2,0,0,26,0.00,0.06,34.86
244850,3,Morgan,47,75,Rogers,2,7,Rogers,,2677,8,5,8,37,0,6,0,187,30,5.33,3.33,42.69
195546,3,Emiliano,50,53,Buendía Stati,2,7,Buendía,,1440,5,2,3,19,0,6,0,157,18,2.90,1.86,22.55
560262,4,Junior,100,47,Kroupi,4,91,Kroupi.Jr,,1148,9,0,6,18,0,3,0,90,14,5.84,0.99,19.45
432830,2,Nathan,106,49,Collins,5,94,Collins,,2251,1,2,6,34,1,5,0,246,24,1.58,1.28,34.77
215059,1,Robert,220,48,Lynch Sánchez,7,8,Sánchez,,2434,0,1,9,33,0,3,1,0,28,0.00,0.04,37.13
247632,3,Pedro,236,70,Lomba Neto,7,8,Neto,Pedro Neto,2138,5,5,11,21,0,2,1,103,24,4.27,5.64,28.79
106611,2,Michael,295,46,Keane,9,11,Keane,,2045,3,0,6,30,0,0,1,246,23,1.97,0.20,36.19
77794,2,Kieran,478,49,Trippier,15,4,Trippier,,1392,0,1,5,24,0,3,0,76,16,0.08,1.85,18.52
180974,3,Joelinton Cássio,490,59,Apolinário de Lira,15,4,Joelinton,Joelinton,1597,2,1,5,22,0,8,0,194,19,2.04,1.13,21.96
200089,3,Joe,494,50,Willock,15,4,Willock,,668,0,1,3,12,0,3,0,70,7,0.81,0.63,12.52
477717,2,Maxime,191,39,Estève,3,90,Estève,,2312,0,0,3,54,2,0,0,253,27,0.67,0.58,52.90
461188,2,Bashir,193,39,Humphreys,3,90,Humphreys,,1149,0,2,2,24,0,5,0,107,12,0.32,0.62,24.34
111478,2,Joël,152,43,Veltman,6,36,Veltman,,841,1,0,1,12,0,4,0,90,8,0.99,0.12,14.85
463067,3,Georginio,158,56,Rutter,6,36,Georginio,,1592,2,4,6,17,1,2,0,114,19,2.26,2.20,19.66
535301,3,Carlos,167,45,Baleba,6,36,Baleba,,1261,0,0,4,17,0,5,0,152,19,0.56,0.28,16.92
434752,2,Jaka,344,39,Bijol,11,2,Bijol,,1216,1,2,2,21,0,3,0,133,13,0.80,0.57,21.45
497949,2,David,682,42,Møller Wolfe,20,39,Møller Wolfe,,839,0,2,1,20,0,1,0,43,9,0.13,1.04,17.48
647671,4,Mateus,749,44,Mané,20,39,Mané,,1280,2,2,5,20,0,0,0,95,14,1.35,1.66,24.08
101188,2,Lucas,37,45,Digne,2,7,Digne,,1459,0,5,6,17,0,3,0,86,17,0.54,2.52,21.47
249231,2,Keane,107,48,Lewis-Potter,5,94,Lewis-Potter,,1242,3,2,6,22,0,1,0,43,14,2.10,1.27,21.99
209400,3,Daichi,271,50,Kamada,8,31,Kamada,,1479,0,2,6,17,0,2,0,159,17,1.42,2.07,18.27
488024,3,Yéremy,712,58,Pino Santos,8,31,Yeremy,,1716,2,1,7,20,0,4,0,135,21,3.96,4.78,23.99
490094,3,Tim,304,48,Iroegbunam,9,11,Iroegbunam,,1100,0,3,8,10,0,8,0,145,13,0.37,0.61,17.77
441191,2,Tino,477,49,Livramento,15,4,Livramento,,1138,0,1,6,10,0,1,0,59,12,0.12,0.78,12.39
449434,3,Anthony,486,65,Elanga,15,4,Elanga,,1143,0,1,2,25,0,0,0,49,12,1.35,1.68,17.06
167512,2,Luke,539,40,O'Nien,17,56,O'Nien,,138,0,0,1,0,0,1,1,9,1,0.00,0.03,2.39
437505,4,Wilson,560,51,Isidor,17,56,Isidor,,1056,4,1,4,15,0,1,0,44,11,3.73,0.17,17.94
511499,3,Mathys,584,62,Tel,18,6,Tel,,825,3,1,1,17,0,0,0,71,8,1.95,1.18,12.94
465730,2,Maxim,145,43,De Cuyper,6,36,De Cuyper,,1145,2,0,4,18,0,2,0,51,14,1.55,2.15,20.84
184349,3,Ryan,328,54,Sessegnon,10,54,Sessegnon,,1606,2,3,4,29,0,0,0,190,18,1.16,1.71,24.16
427637,3,Brenden,350,54,Aaronson,11,2,Aaronson,,1907,4,6,7,27,0,1,0,172,23,4.08,3.00,28.56
122798,2,Andrew,372,57,Robertson,12,14,Robertson,,750,0,0,3,11,0,0,0,38,6,0.32,1.02,10.01
494595,3,Florian,382,83,Wirtz,12,14,Wirtz,,1913,4,3,9,23,0,1,0,136,22,5.64,4.31,24.37
223541,3,Federico,385,63,Chiesa,12,14,Chiesa,,264,2,1,0,7,0,2,0,28,1,1.29,0.61,5.20
232112,3,Manuel,459,47,Ugarte Ribeiro,14,1,Ugarte,,786,0,0,1,21,0,1,0,129,7,0.50,0.15,15.82
159533,3,Adama,326,51,Traoré Diarra,19,21,Adama,,303,0,0,0,10,0,1,0,15,1,0.34,0.55,7.58
630699,3,Mohamadou,758,45,Kanté,19,21,Mohamadou Kanté,,25,0,0,0,0,0,1,0,11,0,0.03,0.03,0.97
109745,1,Kepa,2,40,Arrizabalaga Revuelta,1,3,Arrizabalaga,,0,0,0,0,0,0,0,0,0,0,0.00,0.00,0.00
551221,1,Tommy,4,39,Setford,1,3,Setford,,0,0,0,0,0,0,0,0,0,0,0.00,0.00,0.00
499169,2,Myles,10,51,Lewis-Skelly,1,3,Lewis-Skelly,,311,0,0,0,5,0,3,0,14,1,0.05,0.06,5.26
198869,2,Benjamin,11,51,White,1,3,White,,409,0,1,3,4,0,0,0,36,5,0.43,0.49,6.13
563324,2,Brayden,13,38,Clarke,1,3,Clarke,,0,0,0,0,0,0,0,0,0,0,0.00,0.00,0.00
499167,2,Josh,15,37,Nichols,1,3,Nichols,,0,0,0,0,0,0,0,0,0,0,0.00,0.00,0.00
205651,4,Gabriel,31,64,Fernando de Jesus,1,3,G.Jesus,Gabriel Jesus,304,2,0,0,6,0,2,0,26,2,1.75,0.19,3.56
646243,3,Andre,711,44,Harriman-Annous,1,3,Harriman-Annous,,0,0,0,0,0,0,0,0,0,0,0.00,0.00,0.00
616065,2,Marli,759,40,Salmon,1,3,Salmon,,0,0,0,0,0,0,0,0,0,0,0.00,0.00,0.00
149484,2,Tyrone,40,43,Mings,2,7,Mings,,962,0,1,3,15,0,0,0,80,11,1.01,0.37,17.52
178301,4,Ollie,64,85,Watkins,2,7,Watkins,,2203,8,2,8,30,0,3,0,75,26,10.00,1.02,35.42
532605,3,Andrey,246,45,Nascimento dos Santos,7,8,Andrey Santos,Andrey Santos,964,0,0,1,12,0,4,0,104,10,1.70,0.79,14.40
171287,2,Joe,376,49,Gomez,12,14,Gomez,,491,0,2,2,12,0,2,0,36,6,0.23,0.62,7.57
578153,2,Abdukodir,406,54,Khusanov,13,43,Khusanov,,887,0,0,3,8,0,2,0,81,9,0.44,0.13,12.08
209244,3,Phil,414,80,Foden,13,43,Foden,,1808,7,3,10,16,0,4,0,134,21,5.34,3.98,21.81
78916,2,Dan,476,50,Burn,15,4,Burn,,1721,0,3,6,28,0,7,1,175,20,0.19,0.32,21.96
201666,3,Harvey,487,61,Barnes,15,4,Barnes,,1573,5,0,5,23,0,1,0,82,16,5.89,2.15,22.19
503301,3,Omari,693,54,Hutchinson,16,17,Hutchinson,,1198,1,5,4,17,0,0,0,94,11,1.72,3.01,17.47
84450,3,Granit,668,51,Xhaka,17,56,Xhaka,,2181,1,5,7,26,0,5,0,269,24,0.64,2.35,35.36
184254,1,Guglielmo,565,47,Vicario,18,6,Vicario,,2700,0,0,7,47,0,1,0,0,30,0.00,0.04,44.73
493362,3,Xavi,717,65,Simons,18,6,Xavi,,1567,1,4,3,33,0,4,1,138,17,2.31,3.52,28.98
577725,3,Josh,335,44,King,10,54,King,,1046,0,2,5,15,0,3,0,88,13,1.92,0.43,14.43
486520,3,Ilia,356,47,Gruev,11,2,Gruev,,1290,0,4,5,23,0,3,0,109,15,0.46,0.85,24.63
591386,3,Trey,396,43,Nyoni,12,14,Nyoni,,13,0,0,0,1,0,0,0,2,0,0.37,0.01,0.41
606745,2,Ayden,447,37,Heaven,14,1,Heaven,,650,0,1,1,12,1,2,0,73,8,0.34,0.17,8.03
458249,4,Joshua,466,58,Zirkzee,14,1,Zirkzee,,509,2,1,1,8,0,1,0,37,4,2.18,0.32,7.63
75115,4,Callum,671,58,Wilson,19,21,Wilson,,992,5,2,1,18,0,0,0,34,10,6.48,0.29,18.16
530335,4,Pablo Felipe,785,54,Pereira de Jesus,19,21,Pablo,Pablo,313,0,0,0,5,0,0,0,29,4,0.34,0.07,4.35
441302,2,Ian,39,42,Maatsen,2,7,Maatsen,,1251,0,0,2,20,0,2,0,101,13,1.05,1.85,22.13
54469,2,Adam,73,44,Smith,4,91,Smith,,804,0,1,4,15,0,3,0,53,11,0.00,0.20,13.83
444463,2,Wesley,230,44,Fofana,7,8,Fofana,,1182,0,1,4,13,0,3,1,147,13,0.55,0.57,17.14
463034,4,Liam,250,62,Delap,7,8,Delap,,772,1,2,2,13,0,2,0,32,9,3.97,0.18,11.26
152551,3,Jefferson,272,49,Lerma Solís,8,31,Lerma,,1246,0,4,6,15,1,6,0,157,13,1.05,0.95,15.73
609873,3,Harrison,305,45,Armstrong,9,11,Armstrong,,495,0,0,1,10,0,0,0,50,6,0.79,0.21,10.79
470313,4,Nick,714,67,Woltemade,15,4,Woltemade,,1596,7,3,7,25,1,0,0,87,20,6.25,0.79,20.99
250199,3,Nicolás,519,50,Domínguez,16,17,Dominguez,,931,1,0,3,18,0,2,0,103,14,1.15,0.44,17.88
549912,3,Chemsdine,553,49,Talbi,17,56,Talbi,,1230,3,2,6,11,0,0,0,74,13,1.45,0.92,17.24
232859,2,Djed,573,42,Spence,18,6,Spence,,1761,0,0,7,28,0,4,0,100,20,0.86,1.74,29.10
232787,3,Conor,796,51,Gallagher,18,6,Gallagher,,577,0,1,0,16,0,0,0,59,7,0.56,0.48,13.79
494960,2,Quilindschy,192,40,Hartman,3,90,Hartman,,1410,0,5,3,28,0,1,0,110,16,0.19,1.52,31.95
167887,3,Josh,209,48,Laurent,3,90,Laurent,,1486,1,0,2,34,0,6,0,158,15,0.60,0.44,33.39
204120,2,Olivier,143,42,Boscagli,6,36,Boscagli,,439,0,1,1,5,0,2,0,41,5,0.05,0.31,5.37
109345,3,Solly,159,58,March,6,36,March,,4,0,0,0,0,0,0,0,0,0,0.00,0.00,0.25
219249,3,Matt,164,55,O'Riley,6,36,O'Riley,,186,1,0,1,2,0,0,0,9,2,1.21,0.18,2.41
509416,3,Yasin,166,48,Ayari,6,36,Ayari,,1713,3,3,5,21,0,1,0,202,18,2.54,1.07,24.69
597320,3,Harry,795,45,Howell,6,36,Howell,,92,0,0,0,2,0,0,0,7,1,0.00,0.03,1.04
169528,2,Antonee,316,49,Robinson,10,54,Robinson,,981,0,0,3,11,0,2,0,86,11,0.22,1.29,15.34
226182,2,Jayden,342,44,Bogle,11,2,Bogle,,2313,1,3,4,41,0,5,0,145,26,2.02,1.57,34.92
177815,4,Dominic,691,56,Calvert-Lewin,11,2,Calvert-Lewin,,2023,10,2,5,28,0,1,0,73,22,11.21,0.98,25.30
222690,2,Tyrell,448,38,Malacia,14,1,Malacia,,7,0,0,0,1,0,0,0,2,0,0.00,0.00,0.35
184341,3,Mason,455,59,Mount,14,1,Mount,,813,3,0,3,14,0,0,0,63,10,1.54,1.40,10.30
602903,2,Ezra,747,40,Mayers,19,21,Mayers,,113,0,0,0,3,0,0,0,5,0,0.12,0.49,3.21
209243,3,Jadon,456,58,Sancho,2,7,Sancho,,686,0,1,1,5,0,0,0,36,7,0.58,1.61,10.69
489888,3,Amine,697,54,Adli,4,91,Adli,,1024,3,2,3,16,0,2,0,118,10,2.55,1.59,16.45
508395,3,Yehor,129,50,Yarmoliuk,5,94,Yarmoliuk,,2036,1,2,5,34,0,7,0,257,23,1.19,1.24,31.00
179268,2,Marc,224,60,Cucurella Saseta,7,8,Cucurella,,1986,1,3,9,22,0,5,1,146,23,1.64,2.94,29.38
109646,2,Tosin,232,40,Adarabioyo,7,8,Tosin,,731,0,0,2,12,0,2,0,92,7,0.11,0.40,11.89
514356,3,Roméo,244,49,Lavia,7,8,Lavia,,164,0,0,0,3,0,0,0,16,1,0.00,0.09,3.42
551210,2,Jorrel,672,46,Hato,7,8,Hato,,548,0,0,0,13,0,4,0,49,5,0.30,0.42,8.94
98747,1,Nick,469,51,Pope,15,4,Pope,,1966,0,1,7,32,0,1,0,0,22,0.16,0.00,27.01
88248,1,Stefan,400,47,Ortega Moreno,16,17,Ortega Moreno,,270,0,0,1,4,0,0,0,0,3,0.00,0.01,4.65
210156,4,Taiwo,527,52,Awoniyi,16,17,Awoniyi,,249,1,0,0,2,0,0,0,14,1,1.59,0.39,4.60
456512,3,Dan,669,55,Ndoye,16,17,Ndoye,,1156,1,2,2,17,0,1,0,94,14,1.05,1.51,15.69
554197,3,Chris,551,47,Rigg,17,56,Rigg,,466,0,0,2,3,0,0,0,35,7,0.42,0.36,7.09
441264,4,Brian,730,53,Brobbey,17,56,Brobbey,,1270,5,1,4,18,0,3,0,52,14,2.73,0.41,22.81
441164,2,Pedro,568,51,Porro Sauceda,18,6,Pedro Porro,,2073,0,3,7,30,0,6,0,154,24,0.59,2.93,30.72
503714,3,Lesley,676,50,Ugochukwu,3,90,Ugochukwu,,1895,3,2,3,41,0,1,1,183,22,2.25,0.27,42.77
49262,1,Jason,138,42,Steele,6,36,Steele,,0,0,0,0,0,0,0,0,0,0,0.00,0.00,0.00
209288,1,Tom,140,39,McGill,6,36,McGill,,0,0,0,0,0,0,0,0,0,0,0.00,0.00,0.00
223434,2,Igor Julio,149,45,dos Santos de Paulo,6,36,Igor,Igor Julio,103,0,0,0,3,0,0,0,13,1,0.00,0.00,4.66
547720,2,Charlie,156,38,Tasker,6,36,Tasker,,0,0,0,0,0,0,0,0,0,0,0.00,0.00,0.00
647850,4,Charalampos,181,48,Kostoulas,6,36,Kostoulas,,292,2,1,1,7,0,2,0,38,2,1.70,0.23,4.62
556637,3,Nehemiah,744,45,Oriola,6,36,Oriola,,1,0,0,0,0,0,0,0,0,0,0.00,0.00,0.00
604988,2,Freddie,761,40,Simmonds,6,36,Simmonds,,0,0,0,0,0,0,0,0,0,0,0.00,0.00,0.00
108413,3,Will,270,47,Hughes,8,31,Hughes,,1290,0,1,5,13,0,7,0,125,15,1.11,1.68,20.18
76357,3,Tom,331,48,Cairney,10,54,Cairney,,545,1,0,1,9,0,3,0,44,4,0.95,0.36,10.02
449027,1,Giorgi,367,41,Mamardashvili,12,14,Mamardashvili,,450,0,0,1,10,0,0,0,0,5,0.00,0.00,7.10
586268,1,Ármin,368,38,Pécsi,12,14,Pécsi,,0,0,0,0,0,0,0,0,0,0,0.00,0.00,0.00
155503,1,Freddie,369,39,Woodman,12,14,Woodman,,0,0,0,0,0,0,0,0,0,0,0.00,0.00,0.00
611926,2,Amara,378,37,Nallo,12,14,Nallo,,0,0,0,0,0,0,0,0,0,0,0.00,0.00,0.00
219937,2,Rhys,379,37,Williams,12,14,R.Williams,,0,0,0,0,0,0,0,0,0,0,0.00,0.00,0.00
489580,2,Calvin,380,38,Ramsay,12,14,Ramsay,,0,0,0,0,0,0,0,0,0,0,0.00,0.00,0.00
596042,3,Kieran,746,45,Morrison,12,14,Morrison,,0,0,0,0,0,0,0,0,0,0,0.00,0.00,0.00
519440,2,Wellity,760,40,Lucky,12,14,Lucky,,0,0,0,0,0,0,0,0,0,0,0.00,0.00,0.00
248875,3,Jérémy,418,64,Doku,13,43,Doku,,1222,1,7,5,13,0,0,0,83,13,1.88,4.57,15.76
433036,3,Tijjani,427,50,Reijnders,13,43,Reijnders,,1488,5,2,7,16,0,2,0,95,17,3.96,2.27,17.28
451302,1,Altay,431,47,Bayındır,14,1,Bayindir,,540,0,0,0,11,0,0,0,0,6,0.00,0.05,9.24
21205,1,Tom,434,38,Heaton,14,1,Heaton,,0,0,0,0,0,0,0,0,0,0,0.00,0.00,0.00
461537,1,Dermot,435,39,Mee,14,1,Mee,,0,0,0,0,0,0,0,0,0,0,0.00,0.00,0.00
661712,2,Diego,439,42,León Blanco,14,1,D.Leon,,0,0,0,0,0,0,0,0,0,0,0.00,0.00,0.00
547676,2,Tyler,446,37,Fredricson,14,1,Fredricson,,2,0,0,0,0,0,0,0,2,0,0.00,0.00,0.30
556639,3,Jayce,461,43,Fitzgerald,14,1,Fitzgerald,,0,0,0,0,0,0,0,0,0,0,0.00,0.00,0.00
547037,3,Jack,462,43,Fletcher,14,1,J.Fletcher,Jack Fletcher,107,0,0,0,0,0,0,0,11,0,0.03,0.02,1.86
596047,4,Chido,467,42,Obi,14,1,Obi,,0,0,0,0,0,0,0,0,0,0,0.00,0.00,0.00
576628,3,Shea,755,45,Lacey,14,1,Lacey,,12,0,0,0,0,0,0,0,1,0,0.07,0.00,0.11
576620,3,Bendito,769,45,Mantato,14,1,Bendito Mantato,,15,0,0,0,0,0,0,0,0,0,0.00,0.01,0.05
519913,3,Tyler,771,44,Fletcher,14,1,Fletcher,Tyler Fletcher,1,0,0,0,0,0,0,0,0,0,0.00,0.01,0.02
576637,2,Godwill,788,40,Kukonki,14,1,Kukonki,,0,0,0,0,0,0,0,0,0,0,0.00,0.00,0.00
84182,1,Alphonse,600,43,Areola,19,21,Areola,,1800,0,1,0,37,0,0,0,0,20,0.00,0.00,35.30
214048,2,Maximilian,605,41,Kilman,19,21,Kilman,,1559,0,0,1,37,0,4,0,160,17,0.56,0.25,33.28
536109,2,Ollie,608,43,Scarles,19,21,Scarles,,654,0,1,0,16,0,1,0,72,9,0.18,0.32,13.28
490142,3,Freddie,623,44,Potts,19,21,Potts,,1094,0,1,1,23,0,1,0,112,11,0.21,1.05,19.95
158534,2,Kyle,659,42,Walker-Peters,19,21,Walker-Peters,,954,1,0,1,22,0,2,0,72,10,1.13,0.26,21.13
643473,2,Airidas,752,40,Golambeckis,19,21,Golambeckis,,0,0,0,0,0,0,0,0,0,0,0.00,0.00,0.00
572702,3,Keiber,802,50,Lamadrid,19,21,Lamadrid,,0,0,0,0,0,0,0,0,0,0,0.00,0.00,0.00
606798,2,Andrés,42,39,García,2,7,A.García,,37,0,0,0,2,0,0,0,1,0,0.00,0.01,1.55
515597,2,Lamare,44,40,Bogarde,2,7,Bogarde,,797,0,0,2,13,0,5,0,48,8,0.00,0.19,11.99
122806,3,John,54,53,McGinn,2,7,McGinn,,1651,3,2,7,22,0,3,0,128,22,2.58,2.21,27.10
653481,3,Alysson Edward Franco,792,50,da Rocha dos Santos,2,7,Alysson,Alysson Edward,47,0,0,0,2,0,0,0,4,0,0.05,0.05,1.87
606689,3,Romelle,130,44,Donovan,5,94,Donovan,,38,0,0,0,0,0,0,0,5,0,0.09,0.01,0.39
574458,2,Mamadou,231,45,Sarr,7,8,M.Sarr,Mamadou Sarr,91,0,0,0,3,0,0,0,8,1,0.35,0.00,1.42
209289,3,Emile,325,56,Smith Rowe,10,54,Smith Rowe,,1444,3,1,3,23,0,1,0,112,16,4.20,0.96,24.74
432714,3,James,426,50,McAtee,16,17,McAtee,,172,0,0,0,8,0,1,0,13,1,0.02,0.18,4.20
204968,3,Ryan,522,47,Yates,16,17,Yates,,384,0,1,0,5,0,1,0,38,1,0.22,0.19,4.48
476887,3,Dilane,734,59,Bakwa,16,17,Bakwa,,342,0,1,0,8,0,1,0,26,3,0.50,0.68,6.73
498016,1,Robin,670,48,Roefs,17,56,Roefs,,2520,0,0,8,34,0,3,0,0,28,0.00,0.10,41.00
616221,2,João Victor,804,40,de Souza Menezes,18,6,Souza,Souza,142,0,0,0,3,0,1,0,6,2,0.02,0.03,2.61
435973,4,Lyle,217,49,Foster,3,90,Foster,,1219,3,1,4,25,0,4,0,70,14,3.05,0.29,24.13
244042,4,Rodrigo,338,53,Muniz Carvalho,10,54,Muniz,Rodrigo Muniz,493,1,1,1,8,1,1,0,28,4,1.31,0.05,8.20
218328,3,Samuel,727,53,Chukwueze,10,54,Chukwueze,,771,3,4,1,16,0,0,0,65,7,1.63,2.91,12.89
174594,4,Lukas,365,50,Nmecha,11,2,Nmecha,,798,6,1,2,18,0,0,0,38,8,6.19,0.91,16.42
431248,2,Ladislav,709,45,Krejcí,20,39,Krejčí,,2037,2,1,3,38,1,3,1,167,23,2.01,1.35,33.91
209041,3,Angel,816,47,Gomes,20,39,Angel,,282,0,0,1,4,0,1,0,25,4,0.11,0.16,8.69
199796,2,Matty,36,47,Cash,2,7,Cash,,2352,3,2,7,27,0,7,0,150,27,1.04,2.44,36.25
244954,2,Pau,41,43,Torres,2,7,Pau,,1296,0,1,4,15,1,0,0,94,14,0.63,0.34,17.98
200641,3,Reiss,27,48,Nelson,5,94,Nelson,,55,0,0,0,1,0,0,0,18,0,0.68,0.07,1.27
507433,1,Hákon Rafn,105,39,Valdimarsson,5,94,Valdimarsson,,90,0,0,0,3,0,0,0,0,1,0.00,0.00,0.97
577016,2,Josh,233,37,Acheampong,7,8,Acheampong,,567,1,0,2,12,0,1,0,40,7,0.60,0.13,13.91
57328,2,Nathaniel,263,38,Clyne,8,31,Clyne,,494,0,1,0,9,0,1,0,39,6,0.43,0.60,7.31
231747,4,Jean-Philippe,283,75,Mateta,8,31,Mateta,,1934,8,0,8,23,0,2,0,111,23,11.99,1.26,26.69
660392,4,Christantus,732,55,Uche,8,31,Uche,,159,0,1,0,4,0,0,0,13,0,0.49,0.01,4.63
496661,3,Tyler,707,53,Dibling,9,11,Dibling,,349,0,0,2,2,0,2,0,40,4,0.20,0.14,6.65
513466,3,Merlin,728,50,Röhl,9,11,Röhl,,357,0,0,2,6,0,0,0,46,2,0.50,0.21,8.22
126184,2,Nathan,405,52,Aké,13,43,Aké,,487,0,0,2,7,0,1,0,38,4,0.28,0.44,7.92
510281,3,Sávio,415,69,Moreira de Oliveira,13,43,Savinho,Savinho,561,0,2,2,5,0,2,0,46,5,1.77,1.19,6.60
216646,4,Yoane,135,73,Wissa,15,4,Wissa,,421,1,0,1,8,0,1,0,18,4,1.95,0.53,7.01
575458,2,Jair,510,42,Paula da Cunha Filho,16,17,Jair Cunha,Jair Cunha,214,0,0,0,4,0,0,0,20,2,0.14,0.00,5.45
485047,2,Felipe,511,43,Rodrigues da Silva,16,17,Morato,Morato,938,0,0,2,17,0,4,0,102,10,0.83,0.08,14.83
469130,4,Lorenzo,805,55,Lucca,16,17,Lucca,,119,1,0,1,1,0,0,0,5,1,0.72,0.01,1.87
470315,2,Luca,814,45,Netz,16,17,Netz,,48,0,0,0,0,0,0,0,1,0,0.00,0.36,0.05
461195,2,Dennis,535,40,Cirkin,17,56,Cirkin,,301,0,0,1,2,0,1,0,26,3,0.08,0.02,6.04
200834,2,Nordi,694,45,Mukiele,17,56,Mukiele,,2163,1,5,7,28,1,4,0,225,25,1.02,2.01,35.72
499726,3,Callum,595,43,Olusesi,18,6,Olusesi,,14,0,0,0,0,0,0,0,2,0,0.00,0.01,0.75
499716,2,James,750,40,Rowswell,18,6,Rowswell,,1,0,0,0,0,0,0,0,0,0,0.00,0.00,0.36
549329,2,Lucas,195,38,Pires Silva,3,90,Lucas Pires,Lucas Pires,1102,0,0,1,25,0,0,1,73,12,0.33,1.20,22.87
174592,3,Marcus,206,47,Edwards,3,90,Edwards,,891,1,3,1,15,0,0,0,55,9,1.46,1.65,19.09
469272,3,Loum,210,49,Tchaouna,3,90,Tchaouna,,843,1,1,2,14,0,1,0,48,9,0.86,0.68,15.42
44699,4,Ashley,218,42,Barnes,3,90,Barnes,,23,0,0,0,2,0,1,0,2,0,0.11,0.00,0.77
219924,2,Issa,320,43,Diop,10,54,Diop,,592,0,0,0,11,0,2,0,48,6,0.02,0.04,10.15
37096,1,Lukasz,738,45,Fabianski,19,21,Fabianski,,0,0,0,0,0,0,0,0,0,0,0.00,0.00,0.00
463748,1,Karl,3,40,Hein,1,3,Hein,,0,0,0,0,0,0,0,0,0,0,0.00,0.00,0.00
440854,2,Jakub,9,54,Kiwior,1,3,Kiwior,,0,0,0,0,0,0,0,0,0,0,0.00,0.00,0.00
588793,2,Maldini,14,39,Kacurri,1,3,Kacurri,,0,0,0,0,0,0,0,0,0,0,0.00,0.00,0.00
195384,3,Mikel,22,54,Merino Zazón,1,3,Merino,,996,4,3,4,9,0,1,0,111,10,2.99,1.45,6.59
438098,3,Fábio,23,54,Ferreira Vieira,1,3,Fábio Vieira,,0,0,0,0,0,0,0,0,0,0,0.00,0.00,0.00
499175,3,Ethan,25,50,Nwaneri,1,3,Nwaneri,,165,0,0,1,0,0,0,0,13,0,0.23,0.08,0.73
588796,3,Ismeal,28,45,Kabia,1,3,Kabia,,0,0,0,0,0,0,0,0,0,0,0.00,0.00,0.00
437742,3,Albert,29,45,Sambi Lokonga,1,3,Sambi,,0,0,0,0,0,0,0,0,0,0,0.00,0.00,0.00
72147,1,Marco,33,42,Bizot,2,7,M.Bizot,,405,0,0,1,8,0,2,0,0,4,0.00,0.00,8.53
462492,1,Joe,34,40,Gauci,2,7,Gauci,,0,0,0,0,0,0,0,0,0,0,0.00,0.00,0.00
462381,1,Filip,35,40,Marschall,2,7,Marschall,,0,0,0,0,0,0,0,0,0,0,0.00,0.00,0.00
106468,2,Álex,43,40,Moreno Lopera,2,7,Alex Moreno,,0,0,0,0,0,0,0,0,0,0,0.00,0.00,0.00
514315,2,Lino,45,38,da Cruz Sousa,2,7,Sousa,,0,0,0,0,0,0,0,0,0,0,0.00,0.00,0.00
587178,2,Yasin,46,40,Özcan,2,7,Yasin,,0,0,0,0,0,0,0,0,0,0,0.00,0.00,0.00
166989,3,Youri,48,59,Tielemans,2,7,Tielemans,,1295,0,4,4,17,0,0,0,138,15,0.97,2.53,23.03
469247,3,Samuel,51,55,Iling-Junior,2,7,Iling Jr,,0,0,0,0,0,0,0,0,0,0,0.00,0.00,0.00
204646,3,Donyell,53,51,Malen,2,7,Malen,,640,4,2,1,10,0,0,0,16,5,4.03,0.35,10.59
491287,3,Enzo,56,50,Barrenechea,2,7,Barrenechea,,0,0,0,0,0,0,0,0,0,0,0.00,0.00,0.00
461421,3,Lewis,57,50,Dobbin,2,7,Dobbin,,0,0,0,0,0,0,0,0,0,0,0.00,0.00,0.00
226944,3,Boubacar,58,49,Kamara,2,7,Kamara,,1410,1,3,5,15,0,5,0,149,17,0.53,0.84,20.80
577731,3,Ben,60,44,Broggio,2,7,Broggio,,0,0,0,0,0,0,0,0,0,0,0.00,0.00,0.00
151589,3,Leander,61,45,Dendoncker,2,7,Dendoncker,,0,0,0,0,0,0,0,0,0,0,0.00,0.00,0.00
559962,3,Jamaldeen,62,45,Jimoh-Aloba,2,7,Jimoh-Aloba,,8,0,0,0,0,0,0,0,1,0,0.00,0.00,0.61
537403,3,Kadan,63,43,Young,2,7,Young,,0,0,0,0,0,0,0,0,0,0,0.00,0.00,0.00
576756,4,Zépiqueno,65,45,Redmond,2,7,Redmond,,0,0,0,0,0,0,0,0,0,0,0.00,0.00,0.00
444884,3,Harvey,389,51,Elliott,2,7,Elliott,,110,0,0,0,2,0,0,0,6,1,0.29,0.08,1.74
481283,1,James,688,39,Wright,2,7,Wright,,0,0,0,0,0,0,0,0,0,0,0.00,0.00,0.00
569577,2,Triston,701,40,Rowe,2,7,Rowe,,0,0,0,0,0,0,0,0,0,0,0.00,0.00,0.00
645618,3,Bradley,702,44,Burrowes,2,7,Burrowes,,16,0,0,0,1,0,0,0,1,0,0.00,0.00,0.90
564505,1,Sam,703,39,Proctor,2,7,Proctor,,0,0,0,0,0,0,0,0,0,0,0.00,0.00,0.00
534836,2,Travis,710,39,Patterson,2,7,Patterson,,0,0,0,0,0,0,0,0,0,0,0.00,0.00,0.00
184667,2,Victor,719,45,Lindelöf,2,7,Lindelöf,,572,0,1,1,9,0,0,0,36,6,0.03,0.07,10.75
577285,3,George,754,45,Hemmings,2,7,George Hemmings,,25,0,0,0,0,0,0,0,1,0,0.04,0.01,0.61
516875,1,Ronnie,757,40,Hollingshead,2,7,Hollingshead,,0,0,0,0,0,0,0,0,0,0,0.00,0.00,0.00
664015,2,Leon,768,40,Routh,2,7,Leon Routh,,0,0,0,0,0,0,0,0,0,0,0.00,0.00,0.00
618027,2,TJ,781,40,Carroll,2,7,Carroll,,0,0,0,0,0,0,0,0,0,0,0.00,0.00,0.00
489571,1,Etienne,184,40,Green,3,90,Green,,0,0,0,0,0,0,0,0,0,0,0.00,0.00,0.00
192290,2,Connor,186,43,Roberts,3,90,Roberts,,0,0,0,0,0,0,0,0,0,0,0.00,0.00,0.00
247245,2,Hannes,188,38,Delcroix,3,90,Delcroix,,0,0,0,0,0,0,0,0,0,0,0.00,0.00,0.00
461567,2,Owen,189,40,Dodgson,3,90,Dodgson,,0,0,0,0,0,0,0,0,0,0,0.00,0.00,0.00
241231,2,Jordan,194,39,Beyer,3,90,Jordan,,0,0,0,0,0,0,0,0,0,0,0.00,0.00,0.00
450072,2,Shurandy,196,40,Sambo,3,90,Sambo,,0,0,0,0,0,0,0,0,0,0,0.00,0.00,0.00
519895,2,Oliver,197,38,Sonne,3,90,Sonne,,164,1,0,0,4,0,0,0,7,1,0.55,0.08,3.79
180804,2,Axel,198,39,Tuanzebe,3,90,Tuanzebe,,931,1,0,1,22,1,1,0,97,11,0.61,0.11,24.88
183751,3,Manuel,201,54,Benson Hedilazio,3,90,Benson,,0,0,0,0,0,0,0,0,0,0,0.00,0.00,0.00
250735,3,Darko,204,49,Churlinov,3,90,Churlinov,,0,0,0,0,0,0,0,0,0,0,0.00,0.00,0.00
172567,3,Josh,205,49,Cullen,3,90,Cullen,,1513,2,2,3,29,1,2,0,173,18,0.94,1.36,32.50
487702,3,Luca,208,50,Koleosho,3,90,Koleosho,,0,0,0,0,0,0,0,0,0,0,0.00,0.00,0.00
447715,3,Aaron,211,44,Ramsey,3,90,A.Ramsey,,0,0,0,0,0,0,0,0,0,0,0.00,0.00,0.00
576323,3,Oluwaseun,212,45,Adewumi,3,90,Adewumi,,0,0,0,0,0,0,0,0,0,0,0.00,0.00,0.00
551206,3,Jaydon,213,45,Banel,3,90,Banel,,9,0,0,0,0,0,0,0,0,0,0.00,0.00,0.05
492831,4,Zeki,216,48,Amdouni,3,90,Amdouni,,0,0,0,0,0,0,0,0,0,0,0.00,0.00,0.00
220598,4,Michael,219,44,Obafemi,3,90,Obafemi,,0,0,0,0,0,0,0,0,0,0,0.00,0.00,0.00
69752,1,Norberto,66,45,Murara Neto,4,91,Neto,,0,0,0,0,0,0,0,0,0,0,0.00,0.00,0.00
444172,1,Will,68,40,Dennis,4,91,Dennis,,0,0,0,0,0,0,0,0,0,0,0.00,0.00,0.00
495145,1,Alex,70,40,Paulsen,4,91,Paulsen,,0,0,0,0,0,0,0,0,0,0,0.00,0.00,0.00
477580,2,Illia,71,50,Zabarnyi,4,91,Zabarnyi,,0,0,0,0,0,0,0,0,0,0,0.00,0.00,0.00
436893,2,Julián,78,38,Araujo Zúñiga,4,91,J.Araujo,,0,0,0,0,0,0,0,0,0,0,0.00,0.00,0.00
223911,2,Chris,79,40,Mepham,4,91,Mepham,,0,0,0,0,0,0,0,0,0,0,0.00,0.00,0.00
575901,2,Julio,80,40,Soler Barreto,4,91,Soler,,34,0,0,0,2,0,0,0,1,0,0.00,0.00,1.62
222683,3,Justin,81,69,Kluivert,4,91,Kluivert,,914,2,0,4,18,0,4,0,62,10,2.24,1.54,16.78
200785,3,Tyler,85,49,Adams,4,91,Adams,,1412,2,1,6,24,0,7,0,182,18,0.56,0.37,20.86
155408,3,Lewis,88,49,Cook,4,91,Cook,,870,0,1,1,18,0,1,1,143,8,0.07,0.52,13.49
168991,3,Philip,89,49,Billing,4,91,Philip,,0,0,0,0,0,0,0,0,0,0,0.00,0.00,0.00
224995,3,Luis,91,50,Sinisterra Lucumí,4,91,Sinisterra,,0,0,0,0,0,0,0,0,0,0,0.00,0.00,0.00
441240,3,Romain,92,45,Faivre,4,91,Faivre,,0,0,0,0,0,0,0,0,0,0,0.00,0.00,0.00
424044,3,Hamed,93,45,Traorè,4,91,H.Traorè,,16,0,1,0,2,0,0,0,4,0,0.00,0.00,0.40
550596,3,Dominic,94,45,Sadi,4,91,Sadi,,0,0,0,0,0,0,0,0,0,0,0.00,0.00,0.00
530121,3,Zain,95,44,Silcott-Duberry,4,91,Silcott-Duberry,,0,0,0,0,0,0,0,0,0,0,0.00,0.00,0.00
606775,3,Ben,96,45,Winterburn,4,91,Winterburn,,6,0,0,0,2,0,0,0,0,0,0.00,0.00,0.31
590760,4,Daniel,99,44,Adu-Adjei,4,91,Adu-Adjei,,0,0,0,0,0,0,0,0,0,0,0.00,0.00,0.00
235448,1,Ellery,102,39,Balcombe,5,94,Balcombe,,0,0,0,0,0,0,0,0,0,0,0.00,0.00,0.00
503300,1,Matthew,103,39,Cox,5,94,Cox,,0,0,0,0,0,0,0,0,0,0,0.00,0.00,0.00
535017,1,Julian,104,39,Eyestone,5,94,Eyestone,,0,0,0,0,0,0,0,0,0,0,0.00,0.00,0.00
194010,2,Rico,109,43,Henry,5,94,Henry,,1322,0,2,4,22,0,2,0,68,14,0.18,0.54,23.91
231065,2,Ethan,111,42,Pinnock,5,94,Pinnock,,228,0,0,0,5,1,1,0,29,3,0.00,0.06,3.18
226956,2,Mads,112,45,Roerslev Rasmussen,5,94,Roerslev,,0,0,0,0,0,0,0,0,0,0,0.00,0.00,0.00
622536,2,Benjamin,114,38,Arthur,5,94,Arthur,,0,0,0,0,0,0,0,0,0,0,0.00,0.00,0.00
612534,2,Benjamin,115,40,Fredrick,5,94,Fredrick,,0,0,0,0,0,0,0,0,0,0,0.00,0.00,0.00
472713,2,Aaron,116,40,Hickey,5,94,Hickey,,588,0,0,2,8,0,1,0,42,7,0.40,0.17,6.47
570241,2,Kim,117,39,Ji-soo,5,94,Ji-soo,,0,0,0,0,0,0,0,0,0,0,0.00,0.00,0.00
499717,2,Jayden,118,40,Meghoma,5,94,Meghoma,,0,0,0,0,0,0,0,0,0,0,0.00,0.00,0.00
543295,3,Antoni,122,52,Milambo,5,94,Milambo,,45,0,0,0,3,0,0,0,4,1,0.00,0.01,1.49
244858,3,Fábio,123,47,Freitas Gouveia Carvalho,5,94,Carvalho,Fábio Carvalho,100,1,0,0,4,0,0,0,8,1,0.70,0.03,2.08
204580,3,Vitaly,125,49,Janelt,5,94,Janelt,,1253,1,4,5,16,0,7,0,164,13,0.82,1.88,20.22
626464,3,Gustavo,127,49,Nunes Fernandes Gomes,5,94,Nunes,,0,0,0,0,0,0,0,0,0,0,0.00,0.00,0.00
428580,3,Frank,128,48,Onyeka,5,94,Onyeka,,88,0,2,0,2,0,0,0,10,0,0.00,0.36,2.02
628204,3,Yunus Emre,131,43,Konak,5,94,Konak,,0,0,0,0,0,0,0,0,0,0,0.00,0.00,0.00
220695,3,Paris,132,45,Maghoma,5,94,Maghoma,,0,0,0,0,0,0,0,0,0,0,0.00,0.00,0.00
450539,3,Myles,133,44,Peart-Harris,5,94,Peart-Harris,,1,0,0,0,0,0,0,0,0,0,0.00,0.00,0.00
591357,3,Ryan,134,45,Trevitt,5,94,Trevitt,,0,0,0,0,0,0,0,0,0,0,0.00,0.00,0.00
533710,4,Iwan,137,44,Morgan,5,94,Morgan,,0,0,0,0,0,0,0,0,0,0,0.00,0.00,0.00
183656,3,Josh,748,49,Dasilva,5,94,Dasilva,,0,0,0,0,0,0,0,0,0,0,0.00,0.00,0.00
593174,4,Kaye,797,45,Furo,5,94,Furo,,0,0,0,0,0,0,0,0,0,0,0.00,0.00,0.00
559610,3,Luka,810,45,Bentt,5,94,Bentt,,0,0,0,0,0,0,0,0,0,0,0.00,0.00,0.00
494556,2,Ollie,819,40,Shield,5,94,Shield,,0,0,0,0,0,0,0,0,0,0,0.00,0.00,0.00
472739,1,Carl,141,40,Rushworth,6,36,Rushworth,,0,0,0,0,0,0,0,0,0,0,0.00,0.00,0.00
240514,1,Kjell,142,40,Scherpen,6,36,Scherpen,,0,0,0,0,0,0,0,0,0,0,0.00,0.00,0.00
550090,2,Diego,144,42,Coppola,6,36,Coppola,,193,0,0,1,3,0,2,0,18,2,0.00,0.01,4.52
204214,2,Pervis,147,45,Estupiñán Tenorio,6,36,Estupiñan,,0,0,0,0,0,0,0,0,0,0,0.00,0.00,0.00
232792,2,Tariq,150,44,Lamptey,6,36,Lamptey,,0,0,0,0,0,0,0,0,0,0,0.00,0.00,0.00
110735,2,Adam,153,44,Webster,6,36,Webster,,0,0,0,0,0,0,0,0,0,0,0.00,0.00,0.00
439135,2,Eiran,154,40,Cashin,6,36,Cashin,,0,0,0,0,0,0,0,0,0,0,0.00,0.00,0.00
589100,2,Jacob,155,40,Slater,6,36,Slater,,0,0,0,0,0,0,0,0,0,0,0.00,0.00,0.00
474120,3,Julio,161,54,Enciso Espínola,6,36,Enciso,,0,0,0,0,0,0,0,0,0,0,0.00,0.00,0.00
513433,3,Brajan,162,54,Gruda,6,36,Gruda,,708,1,1,2,11,0,2,0,58,8,1.86,0.88,13.82
516211,3,Abdallah,165,54,Sima,6,36,Sima,,0,0,0,0,0,0,0,0,0,0,0.00,0.00,0.00
441192,3,Jeremy,171,49,Sarmiento Morante,6,36,Sarmiento,,0,0,0,0,0,0,0,0,0,0,0.00,0.00,0.00
549074,3,Tom,172,48,Watson,6,36,Watson,,57,0,0,0,2,0,1,0,5,0,0.04,0.03,1.72
611695,3,Malick,174,50,Yalcouyé,6,36,Yalcouye,,0,0,0,0,0,0,0,0,0,0,0.00,0.00,0.00
567121,3,Joe,175,44,Knight,6,36,Knight,,1,0,0,0,0,0,0,0,0,0,0.00,0.00,0.00
550141,3,Adrian,176,45,Mazilu,6,36,Mazilu,,0,0,0,0,0,0,0,0,0,0,0.00,0.00,0.00
513834,3,Andrew,177,45,Moran,6,36,Moran,,0,0,0,0,0,0,0,0,0,0,0.00,0.00,0.00
487117,4,Evan,179,55,Ferguson,6,36,Ferguson,,0,0,0,0,0,0,0,0,0,0,0.00,0.00,0.00
608181,4,Stefanos,180,52,Tzimas,6,36,Tzimas,,132,1,1,0,2,0,0,0,15,1,0.44,0.11,2.59
508479,1,Filip,221,43,Jörgensen,7,8,Jörgensen,,264,0,0,0,4,0,0,0,0,2,0.00,0.00,3.56
549939,1,Mike,222,40,Penders,7,8,Penders,,0,0,0,0,0,0,0,0,0,0,0.00,0.00,0.00
471798,1,Gabriel,223,39,Słonina,7,8,Slonina,,0,0,0,0,0,0,0,0,0,0,0.00,0.00,0.00
225796,2,Reece,225,56,James,7,8,James,,1892,2,6,8,20,0,4,0,124,20,1.02,3.15,28.24
180736,2,Trevoh,226,55,Chalobah,7,8,Chalobah,,2550,3,1,9,34,0,3,1,249,29,1.30,1.01,36.15
460028,2,Levi,227,47,Samuels Colwill,7,8,Colwill,,0,0,0,0,0,0,0,0,0,0,0.00,0.00,0.00
242880,2,Benoît,229,44,Badiashile Mukinayi,7,8,B.Badiashile,,470,0,0,0,10,0,2,0,48,6,0.00,0.06,7.41
622758,2,Aarón,234,40,Anselmino,7,8,Anselmino,,0,0,0,0,0,0,0,0,0,0,0.00,0.00,0.00
624773,3,Estêvão,238,64,Almeida de Oliveira Gonçalves,7,8,Estêvão,Estêvão,738,2,5,4,8,0,3,0,51,10,2.82,2.12,8.13
463936,3,Jamie,239,60,Bynoe-Gittens,7,8,Gittens,,486,0,2,1,7,0,0,0,29,5,0.81,0.94,8.89
213198,3,Christopher,240,59,Nkunku,7,8,Nkunku,,0,0,0,0,0,0,0,0,0,0,0.00,0.00,0.00
465920,3,Mykhailo,245,49,Mudryk,7,8,Mudryk,,0,0,0,0,0,0,0,0,0,0,0.00,0.00,0.00
491007,3,Dário,247,43,Luís Essugo,7,8,D.Essugo,Dário Essugo,0,0,0,0,0,0,0,0,0,0,0.00,0.00,0.00
611134,3,Kendry,248,45,Páez Andrade,7,8,Paez,,0,0,0,0,0,0,0,0,0,0,0.00,0.00,0.00
517052,4,Nicolas,251,65,Jackson,7,8,N.Jackson,,0,0,0,0,0,0,0,0,0,0,0.00,0.00,0.00
499309,4,Marc,252,41,Guiu Paz,7,8,Marc Guiu,,247,0,1,0,2,0,1,0,7,1,1.46,0.29,5.65
611912,3,Landon,743,45,Emenalo,7,8,Emenalo,,0,0,0,0,0,0,0,0,0,0,0.00,0.00,0.00
518335,1,Max,789,40,Merrick,7,8,Merrick,,0,0,0,0,0,0,0,0,0,0,0.00,0.00,0.00
499857,1,Teddy,803,40,Sharman-Lowe,7,8,Sharman-Lowe,,0,0,0,0,0,0,0,0,0,0,0.00,0.00,0.00
169593,1,Remi,255,39,Matthews,8,31,Matthews,,0,0,0,0,0,0,0,0,0,0,0.00,0.00,0.00
218364,2,Borna,259,48,Sosa,8,31,Sosa,,53,0,0,0,1,0,0,0,7,0,0.00,0.06,0.83
156074,2,Rob,264,40,Holding,8,31,Holding,,0,0,0,0,0,0,0,0,0,0,0.00,0.00,0.00
590012,2,Caleb,265,40,Kporha,8,31,Kporha,,0,0,0,0,0,0,0,0,0,0,0.00,0.00,0.00
438464,3,Cheick,268,49,Doucouré,8,31,Doucouré,,0,0,0,0,0,0,0,0,0,0,0.00,0.00,0.00
606921,3,Romain,269,47,Esse,8,31,Esse,,40,0,0,0,0,0,0,0,5,0,0.00,0.04,1.74
579075,3,Asher,274,43,Agbinone,8,31,Agbinone,,0,0,0,0,0,0,0,0,0,0,0.00,0.00,0.00
466117,3,Naouirou,275,43,Ahamada,8,31,Ahamada,,0,0,0,0,0,0,0,0,0,0,0.00,0.00,0.00
489706,3,Justin,276,43,Devenny,8,31,Devenny,,593,1,0,1,10,0,0,0,48,5,2.38,0.36,10.05
450535,3,Malcolm,277,45,Ebiowei,8,31,Ebiowei,,0,0,0,0,0,0,0,0,0,0,0.00,0.00,0.00
450542,3,Jesurun,278,44,Rak-Sakyi,8,31,J.Rak-Sakyi,,0,0,0,0,0,0,0,0,0,0,0.00,0.00,0.00
536694,3,Matheus,279,45,França de Oliveira,8,31,M.França,,0,0,0,0,0,0,0,0,0,0,0.00,0.00,0.00
531989,3,David,280,45,Ozoh,8,31,Ozoh,,0,0,0,0,0,0,0,0,0,0,0.00,0.00,0.00
530318,3,Kaden,281,44,Rodney,8,31,Rodney,,3,0,0,0,0,0,0,0,0,0,0.00,0.00,0.65
574398,3,Franco,282,45,Umeh-Chibueze,8,31,Umeh,,0,0,0,0,0,0,0,0,0,0,0.00,0.00,0.00
205533,4,Eddie,284,54,Nketiah,8,31,Nketiah,,414,2,0,0,12,0,2,0,38,2,1.77,0.46,9.49
199670,4,Odsonne,285,50,Édouard,8,31,Édouard,,2,0,0,0,0,0,0,0,1,0,0.00,0.00,0.27
576980,4,Zach,286,44,Marsh,8,31,Marsh,,0,0,0,0,0,0,0,0,0,0,0.00,0.00,0.00
590014,3,Rio,690,44,Cardines,8,31,Cardines,,0,0,0,0,0,0,0,0,0,0,0.00,0.00,0.00
672492,3,Joél,762,45,Drakes-Thomas,8,31,Drakes-Thomas,,7,0,0,0,1,0,0,0,3,0,0.00,0.00,0.73
643426,2,Dean,773,40,Benamar,8,31,Benamar,,0,0,0,0,0,0,0,0,0,0,0.00,0.00,0.00
631106,4,Ben,780,45,Casey,8,31,Casey,,0,0,0,0,0,0,0,0,0,0,0.00,0.00,0.00
591384,2,George,793,40,King,8,31,King,,0,0,0,0,0,0,0,0,0,0,0.00,0.00,0.00
502988,2,Danny,798,40,Imray,8,31,Imray,,0,0,0,0,0,0,0,0,0,0,0.00,0.00,0.00
550615,3,Tyrique,243,48,George,9,11,George,,245,0,0,1,4,0,2,0,12,1,0.46,0.13,3.96
229600,1,Mark,288,43,Travers,9,11,Travers,,0,0,0,0,0,0,0,0,0,0,0.00,0.00,0.00
447325,1,Harry,289,39,Tyrer,9,11,Tyrer,,0,0,0,0,0,0,0,0,0,0,0.00,0.00,0.00
59949,2,Séamus,294,42,Coleman,9,11,Coleman,,11,0,0,0,0,0,0,0,0,1,0.00,0.00,0.24
243571,2,Nathan,296,44,Patterson,9,11,Patterson,,237,0,0,2,1,0,0,0,30,3,0.03,0.04,3.55
496178,2,Roman,297,38,Dixon,9,11,Dixon,,0,0,0,0,0,0,0,0,0,0,0.00,0.00,0.00
474907,2,Reece,298,38,Welch,9,11,Welch,,0,0,0,0,0,0,0,0,0,0,0.00,0.00,0.00
502697,3,Carlos,301,52,Alcaraz Durán,9,11,Alcaraz,,667,0,1,3,8,0,3,0,64,6,1.04,0.44,13.03
547801,3,Callum,306,43,Bates,9,11,Bates,,0,0,0,0,0,0,0,0,0,0,0.00,0.00,0.00
504296,3,Coby,307,44,Ebere,9,11,Ebere,,0,0,0,0,0,0,0,0,0,0,0.00,0.00,0.00
496279,3,Isaac,308,45,Heath,9,11,Heath,,0,0,0,0,0,0,0,0,0,0,0.00,0.00,0.00
491557,3,Jenson,309,45,Metcalfe,9,11,Metcalfe,,0,0,0,0,0,0,0,0,0,0,0.00,0.00,0.00
491012,4,Youssef,312,49,Ramalho Chermiti,9,11,Y.Chermiti,,0,0,0,0,0,0,0,0,0,0,0.00,0.00,0.00
536241,4,Martin,313,44,Sherif,9,11,Sherif,,0,0,0,0,0,0,0,0,0,0,0.00,0.00,0.00
114283,3,Jack,419,63,Grealish,9,11,Grealish,,1627,2,6,7,23,0,3,1,135,18,2.05,3.37,25.81
138001,1,Tom,630,39,King,9,11,King,,0,0,0,0,0,0,0,0,0,0,0.00,0.00,0.00
499300,2,Adam,667,42,Aznou,9,11,Aznou,,0,0,0,0,0,0,0,0,0,0,0.00,0.00,0.00
461446,3,Tyler,704,45,Onyango,9,11,Onyango,,0,0,0,0,0,0,0,0,0,0,0.00,0.00,0.00
491745,2,Elijah,705,39,Campbell,9,11,Campbell,,0,0,0,0,0,0,0,0,0,0,0.00,0.00,0.00
629068,4,Braiden,779,45,Graham,9,11,Graham,,0,0,0,0,0,0,0,0,0,0,0.00,0.00,0.00
428971,1,Steven,315,40,Benda,10,54,Benda,,0,0,0,0,0,0,0,0,0,0,0.00,0.00,0.00
156689,3,Andreas,327,53,Hoelgebaum Pereira,10,54,Andreas,,0,0,0,0,0,0,0,0,0,0,0.00,0.00,0.00
573062,3,Martial,333,45,Godo,10,54,Godo,,0,0,0,0,0,0,0,0,0,0,0.00,0.00,0.00
515024,3,Luke,334,45,Harris,10,54,Harris,,0,0,0,0,0,0,0,0,0,0,0.00,0.00,0.00
560552,3,Kevin,731,58,Santos Lopes de Macedo,10,54,Kevin,Kevin,898,1,2,4,15,0,1,0,75,8,1.12,1.40,13.01
243526,2,Gabriel,347,38,Gudmundsson,11,2,Gudmundsson,,2367,0,0,4,42,1,4,1,162,28,1.10,2.04,37.73
492368,2,Isaac,349,40,Schmidt,11,2,Schmidt,,0,0,0,0,0,0,0,0,0,0,0.00,0.00,0.00
221399,3,Jack,352,51,Harrison,11,2,Harrison,,262,0,0,0,5,0,0,0,24,1,0.28,0.23,3.82
248937,3,Sam,355,49,Greenwood,11,2,Greenwood,,0,0,0,0,0,0,0,0,0,0,0.00,0.00,0.00
433952,3,Largie,357,49,Ramazani,11,2,Ramazani,,0,0,0,0,0,0,0,0,0,0,0.00,0.00,0.00
536119,3,Charlie,359,45,Crew,11,2,Crew,,0,0,0,0,0,0,0,0,0,0,0.00,0.00,0.00
462635,3,Joe,360,45,Gelhardt,11,2,Gelhardt,,0,0,0,0,0,0,0,0,0,0,0.00,0.00,0.00
470294,3,Darko,361,45,Gyabi,11,2,Gyabi,,0,0,0,0,0,0,0,0,0,0,0.00,0.00,0.00
106617,4,Patrick,363,49,Bamford,11,2,Bamford,,0,0,0,0,0,0,0,0,0,0,0.00,0.00,0.00
565297,4,Mateo,364,50,Joseph Fernández-Regatillo,11,2,Mateo Joseph,,0,0,0,0,0,0,0,0,0,0,0.00,0.00,0.00
600882,4,Harry,741,45,Gray,11,2,Gray,,0,0,0,0,0,0,0,0,0,0,0.00,0.00,0.00
492777,2,Conor,375,49,Bradley,12,14,Bradley,,928,0,2,4,13,0,5,0,65,12,0.18,0.84,10.77
214285,2,Konstantinos,377,48,Tsimikas,12,14,Tsimikas,,0,0,0,0,0,0,0,0,0,0,0.00,0.00,0.00
118748,3,Mohamed,381,140,Salah,12,14,M.Salah,Mohamed Salah,1818,5,6,6,32,0,1,0,87,19,6.94,4.48,26.59
244731,3,Luis,383,80,Díaz Marulanda,12,14,Luis Díaz,,0,0,0,0,0,0,0,0,0,0,0.00,0.00,0.00
158983,3,Endo,392,49,Wataru,12,14,Endo,,170,0,1,1,5,0,1,0,23,1,0.04,0.05,4.11
535928,3,Stefan,393,42,Bajčetić Maquieira,12,14,Bajcetic,,0,0,0,0,0,0,0,0,0,0,0.00,0.00,0.00
491501,3,James,394,44,McConnell,12,14,McConnell,,0,0,0,0,0,0,0,0,0,0,0.00,0.00,0.00
440148,3,Tyler,395,45,Morton,12,14,Morton,,0,0,0,0,0,0,0,0,0,0,0.00,0.00,0.00
447203,4,Darwin,397,65,Núñez Ribeiro,12,14,Darwin,,0,0,0,0,0,0,0,0,0,0,0.00,0.00,0.00
500058,4,Jayden,398,43,Danns,12,14,Danns,,0,0,0,0,0,0,0,0,0,0,0.00,0.00,0.00
219168,4,Alexander,499,103,Isak,12,14,Isak,,501,2,1,1,7,0,0,0,23,6,2.04,0.07,5.10
647681,2,Giovanni,692,49,Leoni,12,14,Leoni,,0,0,0,0,0,0,0,0,0,0,0.00,0.00,0.00
432720,1,James,182,45,Trafford,13,43,Trafford,,270,0,0,1,4,0,0,0,0,3,0.00,0.00,3.97
121160,1,Ederson,399,53,Santana de Moraes,13,43,Ederson M.,,0,0,0,0,0,0,0,0,0,0,0.00,0.00,0.00
122074,1,Marcus,401,38,Bettinelli,13,43,Bettinelli,,0,0,0,0,0,0,0,0,0,0,0.00,0.00,0.00
477424,2,Joško,403,59,Gvardiol,13,43,Gvardiol,,1301,2,2,6,13,0,2,0,99,15,2.19,0.64,15.29
211975,2,Manuel,404,54,Akanji,13,43,Akanji,,0,0,0,0,0,0,0,0,0,0,0.00,0.00,0.00
97299,2,John,409,54,Stones,13,43,Stones,,351,0,0,1,8,0,0,0,19,4,0.00,0.06,5.05
477064,2,Rico,410,46,Lewis,13,43,Lewis,,311,0,1,1,5,0,1,0,19,3,0.11,1.31,5.04
616222,2,Vitor,412,50,de Oliveira Nunes dos Reis,13,43,Vitor Reis,,0,0,0,0,0,0,0,0,0,0,0.00,0.00,0.00
59859,3,İlkay,420,63,Gündoğan,13,43,Gündoğan,,0,0,0,0,0,0,0,0,0,0,0.00,0.00,0.00
91651,3,Mateo,422,58,Kovačić,13,43,Kovačić,,4,0,0,0,0,0,0,0,0,0,0.00,0.00,0.00
465694,3,Nico,423,59,González Iglesias,13,43,N.Gonzalez,,1370,1,0,7,14,0,6,0,182,15,0.56,1.00,16.77
575204,3,Claudio,425,54,Echeverri,13,43,Echeverri,,0,0,0,0,0,0,0,0,0,0,0.00,0.00,0.00
566164,3,Sverre,428,50,Nypan,13,43,Nypan,,0,0,0,0,0,0,0,0,0,0,0.00,0.00,0.00
155405,3,Kalvin,429,47,Phillips,13,43,Phillips,,0,0,0,0,0,0,0,0,0,0,0.00,0.00,0.00
590039,3,Divine,739,44,Mukasa,13,43,Mukasa,,25,0,0,0,0,0,0,0,1,0,0.00,0.21,0.34
566213,2,Stephen,740,39,Mfuni,13,43,Mfuni,,0,0,0,0,0,0,0,0,0,0,0.00,0.00,0.00
616288,3,Ryan,742,45,McAidoo,13,43,McAidoo,,0,0,0,0,0,0,0,0,0,0,0.00,0.00,0.00
516234,3,Charlie,763,45,Gray,13,43,Gray,,0,0,0,0,0,0,0,0,0,0,0.00,0.00,0.00
580921,3,Reigan,764,45,Heskey,13,43,Heskey,Reigan Heskey,0,0,0,0,0,0,0,0,0,0,0.00,0.00,0.00
494307,2,Max,794,39,Alleyne,13,43,Alleyne,,135,0,0,0,1,0,0,0,11,2,0.26,0.06,1.54
202641,1,André,432,49,Onana,14,1,Onana,,0,0,0,0,0,0,0,0,0,0,0.00,0.00,0.00
588555,1,Elyh,433,40,Harrison,14,1,Harrison,,0,0,0,0,0,0,0,0,0,0,0.00,0.00,0.00
209365,2,Matthijs,436,49,de Ligt,14,1,De Ligt,,1170,1,0,1,20,0,0,0,107,13,1.38,0.83,18.73
221820,2,Lisandro,437,48,Martínez,14,1,Martinez,,904,0,0,3,11,1,0,0,75,9,0.06,0.50,9.34
596777,2,Patrick,441,41,Dorgu,14,1,Dorgu,,1329,3,3,3,20,0,5,0,95,14,1.86,1.42,18.78
95658,2,Harry,442,44,Maguire,14,1,Maguire,,1199,1,1,5,15,0,3,1,99,14,0.81,0.20,16.49
577974,2,Harry,445,40,Amass,14,1,Amass,,0,0,0,0,0,0,0,0,0,0,0.00,0.00,0.00
176297,3,Marcus,451,70,Rashford,14,1,Rashford,,0,0,0,0,0,0,0,0,0,0,0.00,0.00,0.00
467169,3,Antony,454,59,dos Santos,14,1,Antony,,0,0,0,0,0,0,0,0,0,0,0.00,0.00,0.00
490881,3,Toby,460,45,Collyer,14,1,Collyer,,0,0,0,0,0,0,0,0,0,0,0.00,0.00,0.00
618873,3,Sékou,463,43,Koné,14,1,Kone,,0,0,0,0,0,0,0,0,0,0,0.00,0.00,0.00
559684,3,Jack,464,45,Moorhouse,14,1,Moorhouse,,0,0,0,0,0,0,0,0,0,0,0.00,0.00,0.00
497894,4,Rasmus,465,63,Højlund,14,1,Højlund,,0,0,0,0,0,0,0,0,0,0,0.00,0.00,0.00
575034,4,Ethan,468,45,Wheatley,14,1,Wheatley,,0,0,0,0,0,0,0,0,0,0,0.00,0.00,0.00
81441,1,Mark,471,39,Gillespie,15,4,Gillespie,,0,0,0,0,0,0,0,0,0,0,0.00,0.00,0.00
111452,1,Odysseas,472,40,Vlachodimos,15,4,Odysseas,,0,0,0,0,0,0,0,0,0,0,0.00,0.00,0.00
119471,2,Fabian,474,52,Schär,15,4,Schär,,1089,0,0,4,13,0,1,0,115,11,0.97,0.60,13.85
111773,2,Emil,479,43,Krafth,15,4,Krafth,,45,0,0,0,2,0,0,0,1,1,0.00,0.00,0.25
101148,2,Jamaal,480,43,Lascelles,15,4,Lascelles,,19,0,0,0,2,0,0,0,5,0,0.04,0.00,0.55
545477,2,Alex,481,38,Murphy,15,4,A.Murphy,Alex Murphy,1,0,0,0,1,0,0,0,1,0,0.00,0.00,0.27
441024,2,Harrison,482,39,Ashby,15,4,Ashby,,0,0,0,0,0,0,0,0,0,0,0.00,0.00,0.00
578512,2,Miodrag,483,38,Pivaš,15,4,Pivas,,0,0,0,0,0,0,0,0,0,0,0.00,0.00,0.00
169359,2,Matt,484,40,Targett,15,4,Targett,,0,0,0,0,0,0,0,0,0,0,0.00,0.00,0.00
208706,3,Bruno,488,68,Guimarães Rodriguez Moura,15,4,Bruno G.,Bruno Guimarães,2019,9,6,6,31,0,5,0,200,22,4.82,3.62,26.13
640108,3,Antoñito,492,49,Cordero Campillo,15,4,Antoñito C.,,0,0,0,0,0,0,0,0,0,0,0.00,0.00,0.00
153127,3,Isaac,495,45,Hayden,15,4,Hayden,,0,0,0,0,0,0,0,0,0,0,0.00,0.00,0.00
564510,3,Garang,496,44,Kuol,15,4,Kuol,,0,0,0,0,0,0,0,0,0,0,0.00,0.00,0.00
547719,3,Lewis,497,44,Miley,15,4,L.Miley,,1133,1,3,2,16,0,0,0,123,11,1.36,2.00,13.65
461484,3,Joe,498,45,White,15,4,White,,0,0,0,0,0,0,0,0,0,0,0.00,0.00,0.00
599303,4,Sean,501,43,Neave,15,4,Neave,,0,0,0,0,0,0,0,0,0,0,0.00,0.00,0.00
623110,3,Seung-Soo,689,43,Park,15,4,Seung soo,Park Seung-Soo,0,0,0,0,0,0,0,0,0,0,0.00,0.00,0.00
19236,1,John,753,40,Ruddy,15,4,Ruddy,,0,0,0,0,0,0,0,0,0,0,0.00,0.00,0.00
553746,2,Leo,765,40,Shahar,15,4,Shahar,,0,0,0,0,0,0,0,0,0,0,0.00,0.00,0.00
666607,3,Sam,772,45,Alabi,15,4,Alabi,,0,0,0,0,0,0,0,0,0,0,0.00,0.00,0.00
206325,2,Oleksandr,12,49,Zinchenko,16,17,Zinchenko,,352,0,0,0,6,0,0,0,24,4,0.07,0.36,5.02
475123,1,Carlos Miguel,503,40,dos Santos Pereira,16,17,C.Miguel,,0,0,0,0,0,0,0,0,0,0,0.00,0.00,0.00
224068,1,Matt,504,40,Turner,16,17,Turner,,0,0,0,0,0,0,0,0,0,0,0.00,0.00,0.00
451432,2,David,509,45,Mota Veiga Teixeira do Carmo,16,17,David Carmo,,0,0,0,0,0,0,0,0,0,0,0.00,0.00,0.00
204822,2,Omar,512,45,Richards,16,17,O.Richards,,0,0,0,0,0,0,0,0,0,0,0.00,0.00,0.00
549067,2,Zach,513,38,Abbott,16,17,Abbott,,120,0,0,0,4,0,0,0,10,1,0.00,0.01,3.13
90585,2,Willy,514,38,Boly,16,17,Boly,,0,0,0,0,0,0,0,0,0,0,0.00,0.00,0.00
510500,3,João Pedro,518,54,Ferreira da Silva,16,17,Jota,,11,0,0,0,0,0,0,0,3,0,0.00,0.00,0.00
243345,3,Lewis,520,50,O'Brien,16,17,O'Brien,,0,0,0,0,0,0,0,0,0,0,0.00,0.00,0.00
569014,3,Eric,523,45,da Silva Moreira,16,17,Da Silva Moreira,,0,0,0,0,0,0,0,0,0,0,0.00,0.00,0.00
495161,3,Marko,524,45,Stamenić,16,17,Stamenic,,0,0,0,0,0,0,0,0,0,0,0.00,0.00,0.00
60689,4,Chris,525,71,Wood,16,17,Wood,,538,2,0,1,8,0,0,0,14,7,2.81,0.11,7.84
107265,1,Angus,675,40,Gunn,16,17,Gunn,,45,0,0,0,0,0,0,0,0,0,0.00,0.00,0.21
465680,4,Arnaud,696,60,Kalimuendo,16,17,Kalimuendo,,89,0,0,0,3,0,0,0,6,0,0.44,0.02,1.57
221389,1,John Victor,715,40,Maciel Furtado,16,17,John,John Victor,437,0,0,1,8,0,1,0,0,5,0.00,0.00,6.13
500151,2,Nicolò,716,45,Savona,16,17,Savona,,1025,2,0,3,18,0,2,0,57,11,1.34,0.45,15.04
560441,2,Luis Eduardo,729,45,Soares da Silva,16,17,Cuiabano,,0,0,0,0,0,0,0,0,0,0,0.00,0.00,0.00
232571,1,Anthony,528,42,Patterson,17,56,Patterson,,0,0,0,0,0,0,0,0,0,0,0.00,0.00,0.00
74854,1,Simon,529,39,Moore,17,56,Moore,,0,0,0,0,0,0,0,0,0,0,0.00,0.00,0.00
490000,1,Blondy,530,39,Nna Noukeu,17,56,Nna Noukeu,,0,0,0,0,0,0,0,0,0,0,0.00,0.00,0.00
220684,2,Aji,533,40,Alese,17,56,Alese,,0,0,0,0,0,0,0,0,0,0,0.00,0.00,0.00
232820,2,Joe,534,38,Anderson,17,56,Anderson,,0,0,0,0,0,0,0,0,0,0,0.00,0.00,0.00
477547,2,Leo Fuhr,536,40,Hjelde,17,56,Hjelde,,0,0,0,0,0,0,0,0,0,0,0.00,0.00,0.00
492066,2,Niall,537,40,Huggins,17,56,Huggins,,0,0,0,0,0,0,0,0,0,0,0.00,0.00,0.00
514613,2,Zak,538,38,Johnson,17,56,Johnson,,0,0,0,0,0,0,0,0,0,0,0.00,0.00,0.00
465702,2,Timothée,540,39,Pembélé,17,56,Pembele,,0,0,0,0,0,0,0,0,0,0,0.00,0.00,0.00
434399,2,Reinildo,541,38,Mandava,17,56,Reinildo,Reinildo Mandava,1427,0,2,4,20,0,6,1,122,17,0.13,0.46,19.99
519634,2,Jenson,542,40,Seelt,17,56,Seelt,,133,0,0,0,2,0,0,0,12,1,0.00,0.01,1.33
535818,3,Simon,543,49,Adingra,17,56,Adingra,,649,1,1,4,8,0,2,0,45,9,0.35,0.62,11.30
124165,3,Patrick,545,54,Roberts,17,56,Roberts,,27,0,0,0,1,0,0,0,1,0,0.03,0.02,0.66
626844,3,Milan,546,49,Aleksić,17,56,Aleksić,,0,0,0,0,0,0,0,0,0,0,0.00,0.00,0.00
461199,3,Romaine,548,49,Mundle,17,56,Mundle,,399,0,0,0,11,0,1,0,33,2,0.87,0.48,8.54
223336,3,Dan,549,48,Neil,17,56,Neil,,13,0,0,0,0,0,0,0,2,0,0.00,0.00,0.64
215460,3,Ian,550,47,Poveda-Ocampo,17,56,Poveda,,0,0,0,0,0,0,0,0,0,0,0.00,0.00,0.00
477851,3,Abdoullah,554,43,Ba,17,56,Ba,,0,0,0,0,0,0,0,0,0,0,0.00,0.00,0.00
171422,3,Alan,555,45,Browne,17,56,Browne,,0,0,0,0,0,0,0,0,0,0,0.00,0.00,0.00
458297,3,Pierre,556,45,Ekwah Elimby,17,56,Ekwah,,0,0,0,0,0,0,0,0,0,0,0.00,0.00,0.00
547410,3,Harrison,557,43,Jones,17,56,H.Jones,Harrison Jones,0,0,0,0,0,0,0,0,0,0,0.00,0.00,0.00
493837,3,Jay,558,43,Matete,17,56,Matete,,0,0,0,0,0,0,0,0,0,0,0.00,0.00,0.00
500696,3,Nectarios,559,44,Triantis,17,56,Triantis,,0,0,0,0,0,0,0,0,0,0,0.00,0.00,0.00
611975,4,Ahmed,562,42,Abdullahi,17,56,Abdullahi,,0,0,0,0,0,0,0,0,0,0,0.00,0.00,0.00
551153,4,Luís Hemir,563,44,Silva Semedo,17,56,Luís Hemir,,0,0,0,0,0,0,0,0,0,0,0.00,0.00,0.00
440955,4,Nazarii,564,44,Rusyn,17,56,Rusyn,,0,0,0,0,0,0,0,0,0,0,0.00,0.00,0.00
105717,2,Arthur,678,39,Masuaku,17,56,Masuaku,,125,0,0,0,2,0,1,0,10,2,0.07,0.08,2.09
110504,3,Bertrand,735,55,Traoré,17,56,Traoré,Bertrand Traoré,634,1,1,3,9,0,1,0,40,9,0.48,0.25,9.74
232356,2,Jenson,774,40,Jones,17,56,Jenson Jones,Jenson Jones,0,0,0,0,0,0,0,0,0,0,0.00,0.00,0.00
604211,3,Tymur,775,45,Tutierov,17,56,Tutierov,,0,0,0,0,0,0,0,0,0,0,0.00,0.00,0.00
699989,3,Djiamgone Jocelin Ta,800,50,Bi,17,56,Jocelin.T,,38,0,0,0,0,0,0,0,3,1,0.00,0.04,0.24
536661,3,Nilson,813,50,Angulo,17,56,Angulo,,254,0,0,1,4,0,0,0,23,3,0.49,0.08,5.65
570929,3,Jack,821,45,Whittaker,17,56,Whittaker,,0,0,0,0,0,0,0,0,0,0,0.00,0.00,0.00
571087,3,Jaydon,822,45,Jones,17,56,Jones,Jaydon Jones,0,0,0,0,0,0,0,0,0,0,0.00,0.00,0.00
214572,1,Brandon,566,39,Austin,18,6,Austin,,0,0,0,0,0,0,0,0,0,0,0.00,0.00,0.00
485055,1,Antonín,567,39,Kinský,18,6,Kinsky,,0,0,0,0,0,0,0,0,0,0,0.00,0.00,0.00
221632,2,Cristian,569,50,Romero,18,6,Romero,,1710,4,1,5,29,0,8,2,182,20,1.33,1.20,25.77
115556,2,Ben,571,43,Davies,18,6,Davies,,136,1,0,0,3,0,1,0,14,2,0.49,0.07,1.11
487053,2,Destiny,574,43,Udogie,18,6,Udogie,,794,0,1,0,17,0,2,0,40,8,0.16,0.51,13.98
548308,2,Ashley,576,40,Phillips,18,6,Phillips,,0,0,0,0,0,0,0,0,0,0,0.00,0.00,0.00
553299,2,Takai,577,40,Kōta,18,6,Takai,,0,0,0,0,0,0,0,0,0,0,0.00,0.00,0.00
610799,2,Luka,578,39,Vušković,18,6,Vuskovic,,0,0,0,0,0,0,0,0,0,0,0.00,0.00,0.00
85971,3,Son,579,85,Heung-min,18,6,Son,,0,0,0,0,0,0,0,0,0,0,0.00,0.00,0.00
172780,3,James,581,68,Maddison,18,6,Maddison,,0,0,0,0,0,0,0,0,0,0,0.00,0.00,0.00
460842,3,Mohammed,582,64,Kudus,18,6,Kudus,,1535,2,6,7,20,0,3,0,133,19,1.92,2.41,22.74
445044,3,Dejan,583,64,Kulusevski,18,6,Kulusevski,,0,0,0,0,0,0,0,0,0,0,0.00,0.00,0.00
202993,3,Rodrigo,585,52,Bentancur,18,6,Bentancur,,1407,1,1,5,21,0,5,0,207,17,0.45,0.68,20.56
570526,3,Lucas,586,52,Bergvall,18,6,Bergvall,,799,1,2,3,13,0,2,0,68,10,0.96,0.39,10.21
227127,3,Yves,587,52,Bissouma,18,6,Bissouma,,460,0,0,0,15,0,3,0,67,5,0.36,0.08,11.22
550839,3,Wilson,588,53,Odobert,18,6,Odobert,,972,0,2,2,13,0,0,0,77,10,1.92,1.21,14.24
235674,3,Manor,589,54,Solomon,18,6,Solomon,,0,0,0,0,0,0,0,0,0,0,0.00,0.00,0.00
436234,3,Bryan,590,49,Gil Salvatierra,18,6,Bryan,,0,0,0,0,0,0,0,0,0,0,0.00,0.00,0.00
499721,3,Mikey,592,50,Moore,18,6,Moore,,0,0,0,0,0,0,0,0,0,0,0.00,0.00,0.00
623095,3,Yang,594,45,Min-hyeok,18,6,Min-hyeok,,0,0,0,0,0,0,0,0,0,0,0.00,0.00,0.00
552427,4,Will,598,45,Lankshear,18,6,Lankshear,,0,0,0,0,0,0,0,0,0,0,0.00,0.00,0.00
490145,4,Dane,599,43,Scarlett,18,6,Scarlett,,7,0,0,0,0,0,0,0,1,0,0.00,0.01,0.03
640419,2,Jun'ai,745,40,Byfield,18,6,Byfield,,1,0,0,0,0,0,0,0,0,0,0.00,0.00,0.00
590035,3,Yusuf,751,45,Akhamrich,18,6,Akhamrich,,0,0,0,0,0,0,0,0,0,0,0.00,0.00,0.00
611917,3,Lucá,790,45,Williams-Barnett,18,6,Williams-Barnett,,0,0,0,0,0,0,0,0,0,0,0.00,0.00,0.00
536134,3,Rio,811,45,Kyerematen,18,6,Kyerematen,,0,0,0,0,0,0,0,0,0,0,0.00,0.00,0.00
613232,4,James,818,45,Wilson,18,6,Wilson,,0,0,0,0,0,0,0,0,0,0,0.00,0.00,0.00
82143,1,Wes,601,40,Foderingham,19,21,Foderingham,,0,0,0,0,0,0,0,0,0,0,0.00,0.00,0.00
483364,1,Krisztián,602,39,Hegyi,19,21,Hegyi,,0,0,0,0,0,0,0,0,0,0,0.00,0.00,0.00
109533,2,Emerson,604,44,Palmieri dos Santos,19,21,Emerson,,0,0,0,0,0,0,0,0,0,0,0.00,0.00,0.00
210494,2,Nayef,607,44,Aguerd,19,21,N.Aguerd,,180,0,0,0,8,0,0,0,15,2,0.10,0.03,3.42
518438,2,Kaelan,611,40,Casey,19,21,Casey,,0,0,0,0,0,0,0,0,0,0,0.00,0.00,0.00
224024,3,Lucas,612,59,Tolentino Coelho de Lima,19,21,L.Paquetá,,1513,4,2,3,33,0,5,1,146,18,2.85,2.00,24.22
450070,3,Crysencio,615,56,Summerville,19,21,Summerville,,1856,5,3,5,34,0,4,0,163,22,4.53,1.94,28.26
213999,3,Edson,616,49,Álvarez Velázquez,19,21,Álvarez,,0,0,0,0,0,0,0,0,0,0,0.00,0.00,0.00
149519,3,Maxwel,617,49,Cornet,19,21,Cornet,,0,0,0,0,0,0,0,0,0,0,0.00,0.00,0.00
197024,3,Guido,618,48,Rodríguez,19,21,G.Rodriguez,,175,0,0,1,2,0,1,0,15,2,0.03,0.04,2.59
577114,3,Luis Guilherme,619,49,Lira dos Santos,19,21,L.Guilherme,,121,0,0,0,2,0,0,0,11,1,0.07,0.03,1.82
490885,3,George,620,45,Earthy,19,21,Earthy,,8,0,0,0,1,0,0,0,0,0,0.00,0.01,0.73
229384,3,Andy,621,43,Irving,19,21,Irving,,156,0,0,0,4,0,0,0,22,2,0.00,0.17,4.03
518442,3,Lewis,622,44,Orford,19,21,Orford,,0,0,0,0,0,0,0,0,0,0,0.00,0.00,0.00
91889,4,Niclas,625,56,Füllkrug,19,21,Füllkrug,,407,0,0,1,11,0,0,0,19,5,0.93,0.21,8.59
565431,4,Callum,626,43,Marshall,19,21,Marshall,,58,0,0,0,2,0,0,0,3,0,0.13,0.00,1.55
516939,2,Emmanuel,631,42,Agbadou,20,39,Agbadou,,1100,0,0,0,29,0,1,1,125,12,0.57,0.40,18.26
441271,2,Ki-Jana,638,38,Hoever,20,39,Hoever,,423,0,0,0,13,0,0,0,40,6,0.02,0.36,9.36
560248,2,Bastien,639,40,Meupiyou Menadjou,20,39,Meupiyou,,0,0,0,0,0,0,0,0,0,0,0.00,0.00,0.00
517179,2,Alfie,641,39,Pond,20,39,Pond,,0,0,0,0,0,0,0,0,0,0,0.00,0.00,0.00
643135,3,Fer,645,51,López González,20,39,Fer López,,228,0,1,0,9,0,1,0,12,2,0.16,0.61,3.98
181284,3,Gonçalo Manuel,647,55,Ganchinho Guedes,20,39,Guedes,,0,0,0,0,0,0,0,0,0,0,0.00,0.00,0.00
433312,3,Marshall,648,53,Munetsi,20,39,Munetsi,,872,1,2,0,19,0,2,0,80,9,1.64,0.38,13.36
476502,3,Boubacar,649,50,Traoré,20,39,B.Traore,,0,0,0,0,0,0,0,0,0,0,0.00,0.00,0.00
497606,3,Tawanda,650,43,Chirewa,20,39,Chirewa,,25,0,0,0,0,0,0,0,4,0,0.00,0.00,0.50
240299,3,Joe,653,45,Hodge,20,39,Hodge,,0,0,0,0,0,0,0,0,0,0,0.00,0.00,0.00
449988,4,Fábio,655,49,Soares Silva,20,39,Fábio Silva,,0,0,0,0,0,0,0,0,0,0,0.00,0.00,0.00
429414,4,Saša,656,49,Kalajdžić,20,39,Kalajdžić,,14,0,0,0,0,0,0,0,2,0,0.00,0.01,0.10
230376,3,Jhon,663,49,Arias,20,39,J.Arias,,1117,1,0,2,21,0,1,0,125,14,3.38,0.62,16.00
514362,3,Temple,777,45,Ojinnaka,20,39,Ojinnaka,,0,0,0,0,0,0,0,0,0,0,0.00,0.00,0.00
179458,3,Jacob,202,53,Bruun Larsen,3,90,Bruun Larsen,,961,0,1,3,26,0,0,0,61,10,1.35,1.06,22.64
216055,3,Florentino Ibrain,722,50,Morris Luís,3,90,Florentino,Florentino,1651,0,2,2,37,0,4,0,247,20,0.55,0.39,37.28
166477,2,Timothy,319,43,Castagne,10,54,Castagne,,1126,0,1,0,23,0,3,0,99,12,1.10,0.51,21.75
246301,2,Jorge,321,43,Cuenca Barreno,10,54,J.Cuenca,,931,0,0,2,11,0,5,0,114,11,0.05,0.53,14.59
200617,3,Daniel,353,52,James,11,2,James,,398,0,0,1,13,0,0,0,22,4,0.71,0.59,10.43
235826,4,Joël,362,49,Piroe,11,2,Piroe,,215,0,0,1,7,0,0,0,11,2,0.81,0.13,5.30
111317,3,David,86,50,Brooks,4,91,Brooks,,1041,1,2,4,18,0,7,0,80,12,4.90,3.14,16.96
168636,4,Enes,98,54,Ünal,4,91,Enes Ünal,,173,1,0,0,2,0,1,0,12,0,1.85,0.06,3.45
440323,4,Armando,680,52,Broja,3,90,Broja,,807,1,1,1,25,0,0,0,42,8,2.14,0.13,21.70
212314,3,Saša,332,49,Lukić,10,54,Lukić,,1235,1,3,4,17,0,6,0,130,15,1.82,1.35,19.05
492859,3,Wilfried,351,51,Gnonto,11,2,Gnonto,,377,0,2,1,11,0,3,0,41,4,0.29,0.56,8.40
180135,3,Sean,493,48,Longstaff,11,2,Longstaff,,943,1,2,1,19,0,2,0,100,10,0.83,1.48,13.95
87835,2,Matt,632,44,Doherty,20,39,Doherty,,702,0,0,1,14,0,4,0,57,10,0.09,0.19,13.21
437748,3,Mike,214,43,Trésor Ndayishimiye,3,90,Trésor,,19,0,0,0,1,0,0,0,2,0,0.00,0.00,0.46
518030,1,Max,183,43,Weiß,3,90,Weiss,,0,0,0,0,0,0,0,0,0,0,0.00,0.00,0.00
51943,1,Václav,185,39,Hladký,3,90,Hladký,,0,0,0,0,0,0,0,0,0,0,0.00,0.00,0.00
478969,2,Hjalmar,190,38,Ekdal,3,90,Ekdal,,1179,0,0,2,24,0,0,0,132,13,0.21,0.24,22.73
578614,3,Enock,203,47,Agyei,3,90,Boateng,,0,0,0,0,0,0,0,0,0,0,0.00,0.00,0.00
647960,3,Oliver,776,45,Pimlott,3,90,Pimlott,,0,0,0,0,0,0,0,0,0,0,0.00,0.00,0.00
704232,3,George,784,45,Brierley,3,90,Brierley,,0,0,0,0,0,0,0,0,0,0,0.00,0.00,0.00
644593,3,Kian,820,45,McMahon-Brown,3,90,McMahon-Brown,,0,0,0,0,0,0,0,0,0,0,0.00,0.00,0.00
591385,2,Samuel,323,38,Amissah,10,54,Amissah,,0,0,0,0,0,0,0,0,0,0,0.00,0.00,0.00
153366,3,Harrison,336,43,Reed,10,54,Reed,,23,1,0,0,1,0,0,0,2,0,0.04,0.24,0.41
86873,1,Benjamin,664,39,Lecomte,10,54,Lecomte,,0,0,0,0,0,0,0,0,0,0,0.00,0.00,0.00
631786,4,Jonah,737,45,Kusi-Asare,10,54,Kusi-Asare,,30,0,0,0,2,0,1,0,2,0,0.00,0.07,0.75
619536,3,Seth,770,45,Ridgeon,10,54,Ridgeon,,0,0,0,0,0,0,0,0,0,0,0.00,0.00,0.00
505079,1,Alfie,786,40,McNally,10,54,McNally,,0,0,0,0,0,0,0,0,0,0,0.00,0.00,0.00
536916,3,Facundo,168,46,Buonanotte,11,2,Buonanotte,,69,0,0,0,2,0,1,0,5,1,0.04,0.10,1.86
437495,1,Illan,339,41,Meslier,11,2,Meslier,,0,0,0,0,0,0,0,0,0,0,0.00,0.00,0.00
97846,1,Alex,340,39,Cairns,11,2,Cairns,,0,0,0,0,0,0,0,0,0,0,0.00,0.00,0.00
437738,2,Sebastiaan,345,38,Bornauw,11,2,Bornauw,,304,0,0,1,4,0,1,0,38,4,0.00,0.01,4.93
113564,2,Sam,346,37,Byram,11,2,Byram,,7,0,0,0,1,0,0,0,0,0,0.00,0.00,0.79
248056,3,Tanaka,358,48,Ao,11,2,Tanaka,,737,2,0,2,16,0,1,0,83,7,0.83,0.61,13.29
201595,1,Lucas Estella,665,44,Perri,11,2,Perri,Lucas Perri,1440,0,0,3,29,0,2,0,0,16,0.00,0.00,26.68
435997,3,Noah,698,55,Okafor,11,2,Okafor,,1266,4,2,4,24,0,3,0,87,15,4.20,0.98,22.40
565863,3,Sam,787,44,Chambers,11,2,Chambers,,0,0,0,0,0,0,0,0,0,0,0.00,0.00,0.00
101982,1,Sam,627,44,Johnstone,20,39,Johnstone,,1080,0,0,0,24,1,0,0,0,12,0.00,0.02,18.59
79602,1,Daniel,629,39,Bentley,20,39,Bentley,,0,0,0,0,0,0,0,0,0,0,0.00,0.00,0.00
641221,2,Pedro,640,40,Cardoso de Lima,20,39,Pedro Lima,Pedro Lima,3,0,0,0,1,0,0,0,0,0,0.00,0.00,0.79
184754,3,Hwang,642,56,Hee-chan,20,39,Hee Chan,Hwang Hee-Chan,1144,2,1,2,22,0,3,0,68,15,2.10,0.92,17.67
596054,3,Tom,651,43,Edozie,20,39,Edozie,,6,1,0,0,0,0,0,0,0,0,0.17,0.00,0.20
593001,3,Enso,652,43,González Medina,20,39,Gonzalez,,0,0,0,0,0,0,0,0,0,0,0.00,0.00,0.00
589507,4,Leon,657,44,Chiwome,20,39,Chiwome,,0,0,0,0,0,0,0,0,0,0,0.00,0.00,0.00
531363,4,Nathan,658,42,Fraser,20,39,Fraser,,0,0,0,0,0,0,0,0,0,0,0.00,0.00,0.00
601956,2,Saheed,766,40,Olagunju,20,39,Olagunju,,0,0,0,0,0,0,0,0,0,0,0.00,0.00,0.00
605319,3,Luke,767,45,Rawlings,20,39,Rawlings,,0,0,0,0,0,0,0,0,0,0,0.00,0.00,0.00
589121,3,Ethan,778,45,Sutherland,20,39,Sutherland,,0,0,0,0,0,0,0,0,0,0,0.00,0.00,0.00
685628,3,Jerome,809,45,Abbey,20,39,Abbey,,0,0,0,0,0,0,0,0,0,0,0.00,0.00,0.00
491279,2,Micky,575,44,van de Ven,18,6,Van de Ven,,2366,4,1,7,42,0,7,1,178,27,2.79,0.34,37.24
496208,3,Ben,391,48,Gannon-Doak,4,91,Gannon-Doak,,56,0,1,0,1,0,0,0,4,0,0.09,0.10,2.68
568791,1,Callan,69,39,McKenna,4,91,McKenna,,0,0,0,0,0,0,0,0,0,0,0.00,0.00,0.00
541462,2,Matai,75,38,Akinmboni,4,91,Akinmboni,,0,0,0,0,0,0,0,0,0,0,0.00,0.00,0.00
518906,2,Owen,76,38,Bevan,4,91,Bevan,,0,0,0,0,0,0,0,0,0,0,0.00,0.00,0.00
242882,2,Bafodé,685,42,Diakité,4,91,Diakité,,1275,0,0,4,27,0,1,0,117,15,0.02,0.19,22.47
606774,3,Remy,687,43,Rees-Dottin,4,91,Rees-Dottin,,0,0,0,0,0,0,0,0,0,0,0.00,0.00,0.00
620487,2,Veljko,721,44,Milosavljevic,4,91,Milosavljević,,367,0,0,1,6,0,0,0,39,4,0.15,0.19,4.42
678552,3,Malcom,756,45,DaCosta,4,91,DaCosta,,0,0,0,0,0,0,0,0,0,0,0.00,0.00,0.00
40383,1,Fraser,782,40,Forster,4,91,Forster,,0,0,0,0,0,0,0,0,0,0,0.00,0.00,0.00
658013,3,Charlie,799,45,Stevens,4,91,Stevens,,0,0,0,0,0,0,0,0,0,0,0.00,0.00,0.00
614574,3,Alex,801,49,Tóth,4,91,Tóth.A,,71,0,0,0,1,0,1,0,8,1,0.06,0.25,2.34
436416,1,Christos,806,40,Mandas,4,91,Mandas,,0,0,0,0,0,0,0,0,0,0,0.00,0.00,0.00
